source,origin,destination,requested_origin,requested_destination,travel_date,airline,flight_numbers,departure_time,arrival_time,stops,total_duration_minutes,fare_amount,base_fare,tax_amount,currency,offer_id,booking_url,booking_method,collected_at
SerpApi Google Flights,AMD,BLR,AMD,BLR,2026-09-08,Akasa Air,QP 1901,2026-09-08 04:50,2026-09-08 07:10,0,140,9073.0,,,INR,,,SerpApi Google Flights,2026-09-07T17:01:31.755200+05:30
SerpApi Google Flights,AMD,BLR,AMD,BLR,2026-09-08,Air India,"AI 2504, AI 2849",2026-09-08 14:55,2026-09-08 19:35,1,280,10369.0,,,INR,,,SerpApi Google Flights,2026-09-07T17:01:31.755287+05:30
SerpApi Google Flights,AMD,BLR,AMD,BLR,2026-09-08,IndiGo,6E 823,2026-09-08 08:20,2026-09-08 10:45,0,145,10670.0,,,INR,,,SerpApi Google Flights,2026-09-07T17:01:31.755320+05:30
SerpApi Google Flights,AMD,BLR,AMD,BLR,2026-09-08,IndiGo,"6E 868, 6E 5323",2026-09-08 21:25,2026-09-09 03:05,1,340,9159.0,,,INR,,,SerpApi Google Flights,2026-09-07T17:01:31.755347+05:30
SerpApi Google Flights,AMD,BLR,AMD,BLR,2026-09-08,IndiGo,"6E 5146, 6E 5217",2026-09-08 08:05,2026-09-08 12:55,1,290,9885.0,,,INR,,,SerpApi Google Flights,2026-09-07T17:01:31.755373+05:30
SerpApi Google Flights,AMD,BLR,AMD,BLR,2026-09-08,Air India,"AI 2848, AI 2853",2026-09-08 12:00,2026-09-08 17:35,1,335,10369.0,,,INR,,,SerpApi Google Flights,2026-09-07T17:01:31.755398+05:30
SerpApi Google Flights,AMD,BLR,AMD,BLR,2026-09-08,IndiGo,6E 863,2026-09-08 16:55,2026-09-08 19:15,0,140,11405.0,,,INR,,,SerpApi Google Flights,2026-09-07T17:01:31.755423+05:30
SerpApi Google Flights,AMD,BLR,AMD,BLR,2026-09-08,IndiGo,6E 996,2026-09-08 23:00,2026-09-09 01:10,0,130,11405.0,,,INR,,,SerpApi Google Flights,2026-09-07T17:01:31.755446+05:30
SerpApi Google Flights,AMD,BLR,AMD,BLR,2026-09-08,IndiGo,6E 481,2026-09-08 19:45,2026-09-08 22:05,0,140,13085.0,,,INR,,,SerpApi Google Flights,2026-09-07T17:01:31.755470+05:30
SerpApi Google Flights,AMD,BLR,AMD,BLR,2026-09-08,Air India Express,IX 1508,2026-09-08 08:50,2026-09-08 11:15,0,145,17148.0,,,INR,,,SerpApi Google Flights,2026-09-07T17:01:31.755494+05:30
SerpApi Google Flights,AMD,BOM,AMD,BOM,2026-09-08,IndiGo,6E 6285,2026-09-08 04:00,2026-09-08 05:30,0,90,3903.0,,,INR,,,SerpApi Google Flights,2026-09-07T17:01:33.840170+05:30
SerpApi Google Flights,AMD,BOM,AMD,BOM,2026-09-08,Akasa Air,QP 1194,2026-09-08 04:50,2026-09-08 06:15,0,85,4233.0,,,INR,,,SerpApi Google Flights,2026-09-07T17:01:33.840243+05:30
SerpApi Google Flights,AMD,BOM,AMD,BOM,2026-09-08,IndiGo,6E 6205,2026-09-08 01:15,2026-09-08 02:55,0,100,4323.0,,,INR,,,SerpApi Google Flights,2026-09-07T17:01:33.840269+05:30
SerpApi Google Flights,AMD,BOM,AMD,BOM,2026-09-08,IndiGo,6E 868,2026-09-08 21:25,2026-09-08 23:00,0,95,6943.0,,,INR,,,SerpApi Google Flights,2026-09-07T17:01:33.840296+05:30
SerpApi Google Flights,AMD,BOM,AMD,BOM,2026-09-08,IndiGo,6E 6468,2026-09-08 09:00,2026-09-08 10:30,0,90,7468.0,,,INR,,,SerpApi Google Flights,2026-09-07T17:01:33.840319+05:30
SerpApi Google Flights,AMD,BOM,AMD,BOM,2026-09-08,IndiGo,6E 5139,2026-09-08 17:05,2026-09-08 18:25,0,80,7468.0,,,INR,,,SerpApi Google Flights,2026-09-07T17:01:33.840339+05:30
SerpApi Google Flights,AMD,BOM,AMD,BOM,2026-09-08,IndiGo,6E 5146,2026-09-08 08:05,2026-09-08 09:35,0,90,7523.0,,,INR,,,SerpApi Google Flights,2026-09-07T17:01:33.840363+05:30
SerpApi Google Flights,AMD,BOM,AMD,BOM,2026-09-08,Air India,AI 2918,2026-09-08 06:00,2026-09-08 07:45,0,105,8441.0,,,INR,,,SerpApi Google Flights,2026-09-07T17:01:33.840387+05:30
SerpApi Google Flights,AMD,BOM,AMD,BOM,2026-09-08,IndiGo,6E 5078,2026-09-08 10:55,2026-09-08 12:20,0,85,9463.0,,,INR,,,SerpApi Google Flights,2026-09-07T17:01:33.840410+05:30
SerpApi Google Flights,AMD,BOM,AMD,BOM,2026-09-08,Air India,AI 494,2026-09-08 08:45,2026-09-08 10:30,0,105,9800.0,,,INR,,,SerpApi Google Flights,2026-09-07T17:01:33.840433+05:30
SerpApi Google Flights,AMD,BOM,AMD,BOM,2026-09-08,IndiGo,6E 6351,2026-09-08 23:15,2026-09-09 00:30,0,75,10148.0,,,INR,,,SerpApi Google Flights,2026-09-07T17:01:33.840457+05:30
SerpApi Google Flights,AMD,BOM,AMD,BOM,2026-09-08,IndiGo,6E 5160,2026-09-08 19:35,2026-09-08 21:05,0,90,11878.0,,,INR,,,SerpApi Google Flights,2026-09-07T17:01:33.840478+05:30
SerpApi Google Flights,AMD,BOM,AMD,BOM,2026-09-08,Air India,AI 2848,2026-09-08 12:00,2026-09-08 13:40,0,100,14599.0,,,INR,,,SerpApi Google Flights,2026-09-07T17:01:33.840499+05:30
SerpApi Google Flights,AMD,BOM,AMD,BOM,2026-09-08,Air India,AI 2504,2026-09-08 14:55,2026-09-08 16:35,0,100,14599.0,,,INR,,,SerpApi Google Flights,2026-09-07T17:01:33.840519+05:30
SerpApi Google Flights,AMD,BOM,AMD,BOM,2026-09-08,Air India,AI 2916,2026-09-08 17:55,2026-09-08 19:40,0,105,14599.0,,,INR,,,SerpApi Google Flights,2026-09-07T17:01:33.840540+05:30
SerpApi Google Flights,AMD,BOM,AMD,BOM,2026-09-08,Air India,AI 2494,2026-09-08 21:00,2026-09-08 22:40,0,100,17318.0,,,INR,,,SerpApi Google Flights,2026-09-07T17:01:33.840560+05:30
SerpApi Google Flights,AMD,CCU,AMD,CCU,2026-09-08,IndiGo,6E 319,2026-09-08 22:00,2026-09-09 00:40,0,160,7034.0,,,INR,,,SerpApi Google Flights,2026-09-07T17:01:35.912396+05:30
SerpApi Google Flights,AMD,CCU,AMD,CCU,2026-09-08,Akasa Air,QP 1927,2026-09-08 14:25,2026-09-08 17:10,0,165,7485.0,,,INR,,,SerpApi Google Flights,2026-09-07T17:01:35.912473+05:30
SerpApi Google Flights,AMD,CCU,AMD,CCU,2026-09-08,IndiGo,6E 6556,2026-09-08 17:10,2026-09-08 19:50,0,160,7034.0,,,INR,,,SerpApi Google Flights,2026-09-07T17:01:35.912501+05:30
SerpApi Google Flights,AMD,CCU,AMD,CCU,2026-09-08,IndiGo,6E 751,2026-09-08 09:20,2026-09-08 12:00,0,160,7874.0,,,INR,,,SerpApi Google Flights,2026-09-07T17:01:35.912524+05:30
SerpApi Google Flights,AMD,CCU,AMD,CCU,2026-09-08,Air India,"AI 2546, AI 2702",2026-09-08 23:00,2026-09-09 04:50,1,350,9023.0,,,INR,,,SerpApi Google Flights,2026-09-07T17:01:35.912550+05:30
SerpApi Google Flights,AMD,CCU,AMD,CCU,2026-09-08,Air India,"AI 494, AI 2471",2026-09-08 08:45,2026-09-08 14:25,1,340,22389.0,,,INR,,,SerpApi Google Flights,2026-09-07T17:01:35.912592+05:30
SerpApi Google Flights,AMD,CCU,AMD,CCU,2026-09-08,Air India,"AI 2916, AI 2643",2026-09-08 17:55,2026-09-09 00:10,1,375,23153.0,,,INR,,,SerpApi Google Flights,2026-09-07T17:01:35.912616+05:30
SerpApi Google Flights,AMD,DEL,AMD,DEL,2026-09-08,IndiGo,6E 5385,2026-09-08 00:05,2026-09-08 02:00,0,115,5645.0,,,INR,,,SerpApi Google Flights,2026-09-07T17:01:38.000154+05:30
SerpApi Google Flights,AMD,DEL,AMD,DEL,2026-09-08,Air India,AI 2716,2026-09-08 14:00,2026-09-08 15:35,0,95,5803.0,,,INR,,,SerpApi Google Flights,2026-09-07T17:01:38.000226+05:30
SerpApi Google Flights,AMD,DEL,AMD,DEL,2026-09-08,IndiGo,6E 2340,2026-09-08 12:15,2026-09-08 14:10,0,115,5840.0,,,INR,,,SerpApi Google Flights,2026-09-07T17:01:38.000255+05:30
SerpApi Google Flights,AMD,DEL,AMD,DEL,2026-09-08,IndiGo,6E 396,2026-09-08 13:50,2026-09-08 15:40,0,110,5840.0,,,INR,,,SerpApi Google Flights,2026-09-07T17:01:38.000280+05:30
SerpApi Google Flights,AMD,DEL,AMD,DEL,2026-09-08,Air India,AI 882,2026-09-08 15:55,2026-09-08 17:45,0,110,5803.0,,,INR,,,SerpApi Google Flights,2026-09-07T17:01:38.000307+05:30
SerpApi Google Flights,AMD,DEL,AMD,DEL,2026-09-08,Air India,AI 532,2026-09-08 21:30,2026-09-08 23:40,0,130,5803.0,,,INR,,,SerpApi Google Flights,2026-09-07T17:01:38.000332+05:30
SerpApi Google Flights,AMD,DEL,AMD,DEL,2026-09-08,Air India,AI 2546,2026-09-08 23:00,2026-09-09 00:45,0,105,5803.0,,,INR,,,SerpApi Google Flights,2026-09-07T17:01:38.000354+05:30
SerpApi Google Flights,AMD,DEL,AMD,DEL,2026-09-08,IndiGo,6E 5072,2026-09-08 14:35,2026-09-08 16:20,0,105,6050.0,,,INR,,,SerpApi Google Flights,2026-09-07T17:01:38.000378+05:30
SerpApi Google Flights,AMD,DEL,AMD,DEL,2026-09-08,IndiGo,6E 980,2026-09-08 17:05,2026-09-08 18:50,0,105,6050.0,,,INR,,,SerpApi Google Flights,2026-09-07T17:01:38.000403+05:30
SerpApi Google Flights,AMD,DEL,AMD,DEL,2026-09-08,IndiGo,6E 2263,2026-09-08 19:25,2026-09-08 21:05,0,100,6050.0,,,INR,,,SerpApi Google Flights,2026-09-07T17:01:38.000424+05:30
SerpApi Google Flights,AMD,DEL,AMD,DEL,2026-09-08,IndiGo,6E 932,2026-09-08 21:50,2026-09-08 23:30,0,100,6050.0,,,INR,,,SerpApi Google Flights,2026-09-07T17:01:38.000448+05:30
SerpApi Google Flights,AMD,DEL,AMD,DEL,2026-09-08,Air India,AI 1121,2026-09-08 20:10,2026-09-08 21:55,0,105,6837.0,,,INR,,,SerpApi Google Flights,2026-09-07T17:01:38.000474+05:30
SerpApi Google Flights,AMD,DEL,AMD,DEL,2026-09-08,Air India,AI 2938,2026-09-08 18:55,2026-09-08 20:40,0,105,6942.0,,,INR,,,SerpApi Google Flights,2026-09-07T17:01:38.000496+05:30
SerpApi Google Flights,AMD,DEL,AMD,DEL,2026-09-08,IndiGo,6E 2209,2026-09-08 05:00,2026-09-08 06:45,0,105,7100.0,,,INR,,,SerpApi Google Flights,2026-09-07T17:01:38.000516+05:30
SerpApi Google Flights,AMD,DEL,AMD,DEL,2026-09-08,IndiGo,6E 2179,2026-09-08 09:50,2026-09-08 11:35,0,105,7783.0,,,INR,,,SerpApi Google Flights,2026-09-07T17:01:38.000540+05:30
SerpApi Google Flights,AMD,DEL,AMD,DEL,2026-09-08,Air India,AI 2906,2026-09-08 06:25,2026-09-08 08:15,0,110,9567.0,,,INR,,,SerpApi Google Flights,2026-09-07T17:01:38.000561+05:30
SerpApi Google Flights,AMD,DEL,AMD,DEL,2026-09-08,IndiGo,6E 983,2026-09-08 07:30,2026-09-08 09:15,0,105,13295.0,,,INR,,,SerpApi Google Flights,2026-09-07T17:01:38.000582+05:30
SerpApi Google Flights,AMD,DEL,AMD,DEL,2026-09-08,Air India,AI 1117,2026-09-08 08:25,2026-09-08 10:15,0,110,16865.0,,,INR,,,SerpApi Google Flights,2026-09-07T17:01:38.000614+05:30
SerpApi Google Flights,AMD,DEL,AMD,DEL,2026-09-08,Kuwait Airways,"KU 348, KU 381",2026-09-08 04:00,2026-09-09 01:30,1,1290,37267.0,,,INR,,,SerpApi Google Flights,2026-09-07T17:01:38.000652+05:30
SerpApi Google Flights,AMD,DEL,AMD,DEL,2026-09-08,Etihad,"EY 247, EY 214",2026-09-08 05:40,2026-09-08 14:10,1,510,63637.0,,,INR,,,SerpApi Google Flights,2026-09-07T17:01:38.000680+05:30
SerpApi Google Flights,AMD,DIU,AMD,DIU,2026-09-08,Star Air,S5 424,2026-09-08 10:30,2026-09-08 11:30,0,60,3028.0,,,INR,,,SerpApi Google Flights,2026-09-07T17:01:40.069598+05:30
SerpApi Google Flights,AMD,DIU,AMD,DIU,2026-09-08,IndiGo,6E 7966,2026-09-08 11:10,2026-09-08 12:30,0,80,3145.0,,,INR,,,SerpApi Google Flights,2026-09-07T17:01:40.069664+05:30
SerpApi Google Flights,AMD,JGA,AMD,JGA,2026-09-08,"Air India, Air India Express","AI 2918, IX 1805",2026-09-08 06:00,2026-09-08 12:25,1,385,13862.0,,,INR,,,SerpApi Google Flights,2026-09-07T17:01:46.292621+05:30
SerpApi Google Flights,AMD,JGA,AMD,JGA,2026-09-08,"Air India, Air India Express","AI 494, IX 1807",2026-09-08 08:45,2026-09-08 17:00,1,495,17122.0,,,INR,,,SerpApi Google Flights,2026-09-07T17:01:46.292700+05:30
SerpApi Google Flights,AMD,JGA,AMD,JGA,2026-09-08,IndiGo,"6E 6285, 6E 5150",2026-09-08 04:00,2026-09-08 10:10,1,370,18690.0,,,INR,,,SerpApi Google Flights,2026-09-07T17:01:46.292730+05:30
SerpApi Google Flights,AMD,JGA,AMD,JGA,2026-09-08,"Air India, Air India Express","AI 2916, IX 1805",2026-09-08 17:55,2026-09-09 12:25,1,1110,19097.0,,,INR,,,SerpApi Google Flights,2026-09-07T17:01:46.292756+05:30
SerpApi Google Flights,AMD,JGA,AMD,JGA,2026-09-08,"Air India, Air India Express","AI 2546, AI 1745, IX 1805",2026-09-08 23:00,2026-09-09 12:25,2,805,20552.0,,,INR,,,SerpApi Google Flights,2026-09-07T17:01:46.292783+05:30
SerpApi Google Flights,AMD,JGA,AMD,JGA,2026-09-08,"Air India, Air India Express","AI 2494, IX 1805",2026-09-08 21:00,2026-09-09 12:25,1,925,21893.0,,,INR,,,SerpApi Google Flights,2026-09-07T17:01:46.292807+05:30
SerpApi Google Flights,AMD,JGA,AMD,JGA,2026-09-08,"Air India, Air India Express","AI 2848, IX 1807",2026-09-08 12:00,2026-09-08 17:00,1,300,22082.0,,,INR,,,SerpApi Google Flights,2026-09-07T17:01:46.292830+05:30
afa9e7b09b2a1ae609e4b020a3bfb6da646717942bb026642ec71c5c9ab9fd15,Google Flights,AGX,GOX,AGX,GOX,2026-09-14,IndiGo,"6E 7272, 6E 6526",2026-09-14 12:55,2026-09-14 22:45,1,590,25153.0,,,INR,,,SerpApi Google Flights,2026-09-07T17:23:36.132075+00:00
d7a8b5c8f7de83b1562a45c3d8c57bd1a34c195feeda441e8ad374eb6d7cfa8f,Google Flights,AJL,GAU,AJL,GAU,2026-09-14,IndiGo,6E 6552,2026-09-14 15:55,2026-09-14 16:45,0,50,3722.0,,,INR,,,SerpApi Google Flights,2026-09-07T17:23:40.105141+00:00
6aa5b534efd8872dda7325e6108cfdb1dfeb8bb3ca7346d7a575bb5e4e26b423,Google Flights,AJL,SHL,AJL,SHL,2026-09-14,Alliance Air,9I 785,2026-09-14 11:55,2026-09-14 12:55,0,60,2227.0,,,INR,,,SerpApi Google Flights,2026-09-07T17:23:43.645864+00:00
3240d025708f1a41736a1376f52174e7d53d08642a946e9b88c3072f3d9e750f,Google Flights,AMD,BLR,AMD,BLR,2026-09-14,Air India,"AI 494, AI 2632",2026-09-14 08:45,2026-09-14 14:05,1,320,6461.0,,,INR,,,SerpApi Google Flights,2026-09-07T17:23:50.347475+00:00
02d816ce4bc0dfaac01c9225eaf364e9dce4e928ed84401f58ceb1e037244596,Google Flights,AMD,BLR,AMD,BLR,2026-09-14,Akasa Air,QP 1901,2026-09-14 04:50,2026-09-14 07:10,0,140,7428.0,,,INR,,,SerpApi Google Flights,2026-09-07T17:23:50.347475+00:00
80498b4ad78e6170cdfc53830f7b2e328358cdb44d67b0727e2070a3844be998,Google Flights,AMD,BLR,AMD,BLR,2026-09-14,Air India Express,IX 1508,2026-09-14 08:50,2026-09-14 11:15,0,145,7646.0,,,INR,,,SerpApi Google Flights,2026-09-07T17:23:50.347475+00:00
fca88508ba1fd52a577e7a9ea566799e893040fad72dd7b5b41b6f4d38a2f809,Google Flights,AMD,BLR,AMD,BLR,2026-09-14,IndiGo,6E 823,2026-09-14 08:20,2026-09-14 10:45,0,145,7940.0,,,INR,,,SerpApi Google Flights,2026-09-07T17:23:50.347475+00:00
025455791009689e9e659d317564d98e52c776956592309184789eddfbb024db,Google Flights,AMD,BLR,AMD,BLR,2026-09-14,Air India,"AI 494, AI 2865",2026-09-14 08:45,2026-09-14 21:50,1,785,6340.0,,,INR,,,SerpApi Google Flights,2026-09-07T17:23:50.347475+00:00
ad2dc1490970ee23bc0d4dd42972fa71439cd5099460d6ac8f035e975fcbbf7b,Google Flights,AMD,BLR,AMD,BLR,2026-09-14,Air India,"AI 2918, AI 2863",2026-09-14 06:00,2026-09-14 12:05,1,365,6461.0,,,INR,,,SerpApi Google Flights,2026-09-07T17:23:50.347475+00:00
4a50c36cd0db3a0bd731659c715874dc4795e6eefb2a57455b942ab65e5d2c54,Google Flights,AMD,BLR,AMD,BLR,2026-09-14,IndiGo,"6E 699, 6E 6877",2026-09-14 02:40,2026-09-14 06:35,1,235,7093.0,,,INR,,,SerpApi Google Flights,2026-09-07T17:23:50.347475+00:00
ca37bc8c51c695280db4bccb9975452d265442d1695d88bda9ecaba470e3434b,Google Flights,AMD,BLR,AMD,BLR,2026-09-14,Air India,"AI 2848, AI 2853",2026-09-14 12:00,2026-09-14 17:35,1,335,7569.0,,,INR,,,SerpApi Google Flights,2026-09-07T17:23:50.347475+00:00
8131988ca8d20977b901d2c8a66bdcee8658c885f7a37241b8fa66bbe96538f4,Google Flights,AMD,BLR,AMD,BLR,2026-09-14,Air India,"AI 2916, AI 2401",2026-09-14 17:55,2026-09-14 22:45,1,290,7569.0,,,INR,,,SerpApi Google Flights,2026-09-07T17:23:50.347475+00:00
9224fb71e94bd55a6560e574aba8af663f408c19dc2287791ac63b9c9d231bea,Google Flights,AMD,BLR,AMD,BLR,2026-09-14,IndiGo,6E 996,2026-09-14 23:00,2026-09-15 01:10,0,130,7940.0,,,INR,,,SerpApi Google Flights,2026-09-07T17:23:50.347475+00:00
c1ff7c5f5b77092dd61494d2e2e65d1a69a2503a7d2488f46fcdaddbe3045ca3,Google Flights,AMD,BLR,AMD,BLR,2026-09-14,IndiGo,6E 481,2026-09-14 19:45,2026-09-14 22:05,0,140,8885.0,,,INR,,,SerpApi Google Flights,2026-09-07T17:23:50.347475+00:00
3f98c226f9f914d5aff01df0f6c79c6a25ece8bd952660407bf54ee781c563c7,Google Flights,AMD,BLR,AMD,BLR,2026-09-14,IndiGo,6E 863,2026-09-14 16:55,2026-09-14 19:15,0,140,13085.0,,,INR,,,SerpApi Google Flights,2026-09-07T17:23:50.347475+00:00
fe10d9790a8055840468821b1c9ddbfa93929fecaa49b0307651b56504c67b8a,Google Flights,AMD,BOM,AMD,BOM,2026-09-14,IndiGo,6E 6285,2026-09-14 04:00,2026-09-14 05:30,0,90,3693.0,,,INR,,,SerpApi Google Flights,2026-09-07T17:23:54.478447+00:00
03934740e66e465f53759094887658f361982f6d3e2e5669c121d2edd89c9c98,Google Flights,AMD,BOM,AMD,BOM,2026-09-14,Akasa Air,QP 1194,2026-09-14 04:50,2026-09-14 06:15,0,85,4070.0,,,INR,,,SerpApi Google Flights,2026-09-07T17:23:54.478447+00:00
27e2014a22f501156557e29cbd3458404349fb536c1dd4f1a8ee5e7e2ba6b0f2,Google Flights,AMD,BOM,AMD,BOM,2026-09-14,Air India,AI 2918,2026-09-14 06:00,2026-09-14 07:45,0,105,4319.0,,,INR,,,SerpApi Google Flights,2026-09-07T17:23:54.478447+00:00
ad169a3498ce514bd3798d73f78a0eeed436abd0d103edfee7325c45d0dbff02,Google Flights,AMD,BOM,AMD,BOM,2026-09-14,Air India,AI 494,2026-09-14 08:45,2026-09-14 10:30,0,105,4529.0,,,INR,,,SerpApi Google Flights,2026-09-07T17:23:54.478447+00:00
6dbb7611f2eee936533cce69790dc2261faf5a315532f41484ffa5086ad1a23b,Google Flights,AMD,BOM,AMD,BOM,2026-09-14,IndiGo,6E 6468,2026-09-14 09:00,2026-09-14 10:30,0,90,4633.0,,,INR,,,SerpApi Google Flights,2026-09-07T17:23:54.478447+00:00
bd0a84d40e4b84eb844ee2be5869188ace652a3afb407b3264ccee4327a1bcbc,Google Flights,AMD,BOM,AMD,BOM,2026-09-14,Air India,AI 2848,2026-09-14 12:00,2026-09-14 13:40,0,100,4792.0,,,INR,,,SerpApi Google Flights,2026-09-07T17:23:54.478447+00:00
a2c2aee96a2571d64e3fa6ddab8a82df408e3568124672cd19ebacd9e1768744,Google Flights,AMD,BOM,AMD,BOM,2026-09-14,Air India,AI 2504,2026-09-14 14:55,2026-09-14 16:35,0,100,4792.0,,,INR,,,SerpApi Google Flights,2026-09-07T17:23:54.478447+00:00
1577cd3ba891339749e14ea109458d946ad2c8217c0f6e538f193b5218a508c0,Google Flights,AMD,BOM,AMD,BOM,2026-09-14,IndiGo,6E 5146,2026-09-14 08:05,2026-09-14 09:35,0,90,4793.0,,,INR,,,SerpApi Google Flights,2026-09-07T17:23:54.478447+00:00
36e1a9755dd2e5b916aa221356b26886d81210081281cd0075acf4ca872c56b6,Google Flights,AMD,BOM,AMD,BOM,2026-09-14,IndiGo,6E 5078,2026-09-14 10:55,2026-09-14 12:20,0,85,4948.0,,,INR,,,SerpApi Google Flights,2026-09-07T17:23:54.478447+00:00
2921ef2d12adda0b95d7e28f4fecb0d5455847b75981a540212a86aa8578bf88,Google Flights,AMD,BOM,AMD,BOM,2026-09-14,Air India,AI 2916,2026-09-14 17:55,2026-09-14 19:40,0,105,5201.0,,,INR,,,SerpApi Google Flights,2026-09-07T17:23:54.478447+00:00
e97f4106212356ca324fd91a79fb12f8165906071d4518f3c5bba1ab90cc1c44,Google Flights,AMD,BOM,AMD,BOM,2026-09-14,IndiGo,6E 5160,2026-09-14 19:35,2026-09-14 21:05,0,90,5263.0,,,INR,,,SerpApi Google Flights,2026-09-07T17:23:54.478447+00:00
f2572a9aa449d68be25e329c331c8a3ce942545e2c7f7e8e394d3214be27fd5d,Google Flights,AMD,BOM,AMD,BOM,2026-09-14,IndiGo,6E 6205,2026-09-14 01:15,2026-09-14 02:55,0,100,5373.0,,,INR,,,SerpApi Google Flights,2026-09-07T17:23:54.478447+00:00
d5a27eccf2d07c23e8c988fb6fdcc4530718942540109af28744f7d6c54b4207,Google Flights,AMD,BOM,AMD,BOM,2026-09-14,IndiGo,6E 868,2026-09-14 21:25,2026-09-14 23:00,0,95,5998.0,,,INR,,,SerpApi Google Flights,2026-09-07T17:23:54.478447+00:00
8a6e7bcf8386cbf2f10d46c05c1b23626e0aa94ff0040918f96403360e8de4bc,Google Flights,AMD,BOM,AMD,BOM,2026-09-14,IndiGo,6E 6351,2026-09-14 23:15,2026-09-15 00:30,0,75,6263.0,,,INR,,,SerpApi Google Flights,2026-09-07T17:23:54.478447+00:00
bef0637706f8be9064710a7937543511517e3e009b80352f76f9f7a3a54682cc,Google Flights,AMD,BOM,AMD,BOM,2026-09-14,IndiGo,6E 5139,2026-09-14 17:05,2026-09-14 18:25,0,80,6418.0,,,INR,,,SerpApi Google Flights,2026-09-07T17:23:54.478447+00:00
f59c82f6873232c5637a624ecf2cf1e7e65d551243af2172726314ad57e142e9,Google Flights,AMD,BOM,AMD,BOM,2026-09-14,Air India,AI 2494,2026-09-14 21:00,2026-09-14 22:40,0,100,6745.0,,,INR,,,SerpApi Google Flights,2026-09-07T17:23:54.478447+00:00
bf2e75ece6e0cee5a00f299e6b0153d1bd56be0e1bbeabd0417974ca3de8c8f4,Google Flights,AMD,CCU,AMD,CCU,2026-09-14,IndiGo,6E 319,2026-09-14 22:00,2026-09-15 00:40,0,160,7034.0,,,INR,,,SerpApi Google Flights,2026-09-07T17:23:58.268759+00:00
ad595c0616a4862ca9d684907b825be22d99fa89727790598bf90f33fd133022,Google Flights,AMD,CCU,AMD,CCU,2026-09-14,Akasa Air,QP 1927,2026-09-14 06:45,2026-09-14 09:25,0,160,7485.0,,,INR,,,SerpApi Google Flights,2026-09-07T17:23:58.268759+00:00
e5efc5e9614b18875967549869d51fe4e95c6a969de54af3b0134de831d386fe,Google Flights,AMD,CCU,AMD,CCU,2026-09-14,IndiGo,6E 6556,2026-09-14 17:25,2026-09-14 20:10,0,165,7034.0,,,INR,,,SerpApi Google Flights,2026-09-07T17:23:58.268759+00:00
4539330bc5d95d542179f3a190c42bfc6353dbac9a707fb065d45e6e65d69856,Google Flights,AMD,CCU,AMD,CCU,2026-09-14,IndiGo,6E 751,2026-09-14 09:20,2026-09-14 12:00,0,160,7244.0,,,INR,,,SerpApi Google Flights,2026-09-07T17:23:58.268759+00:00
9689200632754a76af408433ea6d507b749869592314cfe4a588267240dd1114,Google Flights,AMD,CCU,AMD,CCU,2026-09-14,Emirates,"EK 539, EK 570",2026-09-14 04:40,2026-09-15 08:10,1,1650,42371.0,,,INR,,,SerpApi Google Flights,2026-09-07T17:23:58.268759+00:00
695ceaecb65e70fed80c9a75363408cfd493bfcaca1fcd1281065f6faae57881,Google Flights,AMD,DEL,AMD,DEL,2026-09-14,Air India,AI 1121,2026-09-14 20:10,2026-09-14 21:55,0,105,5803.0,,,INR,,,SerpApi Google Flights,2026-09-07T17:24:01.768076+00:00
29ac4df454ed48f19d952672693a6992fa720ca85f1ec4c24c88641ae110f2d6,Google Flights,AMD,DEL,AMD,DEL,2026-09-14,IndiGo,6E 5385,2026-09-14 00:05,2026-09-14 02:00,0,115,5985.0,,,INR,,,SerpApi Google Flights,2026-09-07T17:24:01.768076+00:00
bfad0b5650156a7b1f16c815dacf8c8ab0b0b428e19993f18c7a535ad02f4c40,Google Flights,AMD,DEL,AMD,DEL,2026-09-14,Air India,AI 2946,2026-09-14 09:30,2026-09-14 11:20,0,110,5997.0,,,INR,,,SerpApi Google Flights,2026-09-07T17:24:01.768076+00:00
73d6d2508d53580f94b3391318d302c78ae77a119fe88dea3d0c376ae58a6fa8,Google Flights,AMD,DEL,AMD,DEL,2026-09-14,Air India,AI 1117,2026-09-14 08:25,2026-09-14 10:15,0,110,5997.0,,,INR,,,SerpApi Google Flights,2026-09-07T17:24:01.768076+00:00
5b966c686ae354b784a981a61c213eba33084fb7eeeb2507e2a6742a91eec29f,Google Flights,AMD,DEL,AMD,DEL,2026-09-14,Air India,AI 2716,2026-09-14 14:00,2026-09-14 15:35,0,95,5997.0,,,INR,,,SerpApi Google Flights,2026-09-07T17:24:01.768076+00:00
bec38ee7aa914c3ee17e9605382de99b497f7f2389b41aa4957c2fc23cbbf716,Google Flights,AMD,DEL,AMD,DEL,2026-09-14,Air India,AI 2938,2026-09-14 18:55,2026-09-14 20:40,0,105,5997.0,,,INR,,,SerpApi Google Flights,2026-09-07T17:24:01.768076+00:00
8339c6a0b857228bd9fe7f9da62b14dcbdb48c314feb4f309ca8dbe89d86d057,Google Flights,AMD,DEL,AMD,DEL,2026-09-14,Air India,AI 532,2026-09-14 21:30,2026-09-14 23:40,0,130,5997.0,,,INR,,,SerpApi Google Flights,2026-09-07T17:24:01.768076+00:00
192265369eca5abf0f7f1871ae6447889a8bf36104f9e928ad4c446538c279a5,Google Flights,AMD,DEL,AMD,DEL,2026-09-14,Air India,AI 2546,2026-09-14 23:00,2026-09-15 00:45,0,105,5997.0,,,INR,,,SerpApi Google Flights,2026-09-07T17:24:01.768076+00:00
f539ebfc99c8af1e7ef623eb1bf42ec73683551c52179f659ae56a076dab0630,Google Flights,AMD,DEL,AMD,DEL,2026-09-14,IndiGo,6E 2340,2026-09-14 12:15,2026-09-14 14:10,0,115,6155.0,,,INR,,,SerpApi Google Flights,2026-09-07T17:24:01.768076+00:00
de7af41bf175b948e18b3f26721ead06bca38a9ae0534937d05f067e6924800a,Google Flights,AMD,DEL,AMD,DEL,2026-09-14,Air India,AI 2906,2026-09-14 06:25,2026-09-14 08:15,0,110,6207.0,,,INR,,,SerpApi Google Flights,2026-09-07T17:24:01.768076+00:00
6ce23175f31327052cc566c4ff56e668e1a780528a8f2de7d381b53c103cc873,Google Flights,AMD,DEL,AMD,DEL,2026-09-14,IndiGo,6E 2209,2026-09-14 05:00,2026-09-14 06:45,0,105,6365.0,,,INR,,,SerpApi Google Flights,2026-09-07T17:24:01.768076+00:00
e4b5805b2359aa3533b95f0730967abe79b87a4e05182f81e38ff3728a04fd9e,Google Flights,AMD,DEL,AMD,DEL,2026-09-14,IndiGo,6E 5072,2026-09-14 14:35,2026-09-14 16:20,0,105,6365.0,,,INR,,,SerpApi Google Flights,2026-09-07T17:24:01.768076+00:00
35fe4f8280eb00da772598743bf7217a06a891f5589bf47134480de4a32440ba,Google Flights,AMD,DEL,AMD,DEL,2026-09-14,IndiGo,6E 932,2026-09-14 21:50,2026-09-14 23:30,0,100,6365.0,,,INR,,,SerpApi Google Flights,2026-09-07T17:24:01.768076+00:00
78540cdfb05e6afb372702f3aa80bc81fcd5a6e86cb070cd88ae0ee9ffe25b51,Google Flights,AMD,DEL,AMD,DEL,2026-09-14,Air India,AI 882,2026-09-14 15:55,2026-09-14 17:45,0,110,6417.0,,,INR,,,SerpApi Google Flights,2026-09-07T17:24:01.768076+00:00
576bf6307223997dfe3759e7f61614f066d53e89dc9941a40f152e9be1efce10,Google Flights,AMD,DEL,AMD,DEL,2026-09-14,IndiGo,6E 983,2026-09-14 07:30,2026-09-14 09:15,0,105,6575.0,,,INR,,,SerpApi Google Flights,2026-09-07T17:24:01.768076+00:00
df05a24e635b7fe049e68832e0f0af484ccc0c5863c2d7e0fc7854bf0a394cfe,Google Flights,AMD,DEL,AMD,DEL,2026-09-14,IndiGo,6E 2179,2026-09-14 09:50,2026-09-14 11:35,0,105,6575.0,,,INR,,,SerpApi Google Flights,2026-09-07T17:24:01.768076+00:00
1e4ac9c2caf68093c947a9f414fd35c82f347905a6179c40745ceb43b7521de5,Google Flights,AMD,DEL,AMD,DEL,2026-09-14,IndiGo,6E 980,2026-09-14 17:05,2026-09-14 18:50,0,105,6575.0,,,INR,,,SerpApi Google Flights,2026-09-07T17:24:01.768076+00:00
47cc1cc304e1978c8976579f56d615abfc5ca848e6276c388f338c7202a3f87b,Google Flights,AMD,DEL,AMD,DEL,2026-09-14,IndiGo,6E 2263,2026-09-14 19:25,2026-09-14 21:05,0,100,6575.0,,,INR,,,SerpApi Google Flights,2026-09-07T17:24:01.768076+00:00
65d1e3cf3276bd118c8a12258dd743a92e45b49d285e682ee56c3fe7c363073c,Google Flights,AMD,DEL,AMD,DEL,2026-09-14,Kuwait Airways,"KU 348, KU 381",2026-09-14 04:20,2026-09-15 01:30,1,1270,33592.0,,,INR,,,SerpApi Google Flights,2026-09-07T17:24:01.768076+00:00
3e9d54cd29d0471f1060f0f07a7ba8db7b100a549501f03c798e244f58bddd7c,Google Flights,AMD,DEL,AMD,DEL,2026-09-14,Etihad,"EY 247, EY 214",2026-09-14 05:40,2026-09-14 14:10,1,510,57694.0,,,INR,,,SerpApi Google Flights,2026-09-07T17:24:01.768076+00:00
324a485cf572f8a4571343606c9285a17d4251cd1c64ca7945dfd3a558d60562,Google Flights,AMD,IXB,AMD,IXB,2026-09-14,Akasa Air,"QP 1194, QP 1131",2026-09-14 04:50,2026-09-14 13:15,1,505,9175.0,,,INR,,,SerpApi Google Flights,2026-09-07T17:24:07.521448+00:00
10b46fe57f5ca169219c20ba0557104aeb059d0abb29e76e0fbaabd2182b5366,Google Flights,AMD,IXB,AMD,IXB,2026-09-14,IndiGo,"6E 2340, 6E 2403",2026-09-14 12:15,2026-09-14 19:00,1,405,9824.0,,,INR,,,SerpApi Google Flights,2026-09-07T17:24:07.521448+00:00
f021f5a9df634da31895d92dab91c5a5f960531c77bbb50ac5228a2865165f52,Google Flights,AMD,IXB,AMD,IXB,2026-09-14,"Air India, Air India Express","AI 494, IX 1176",2026-09-14 08:45,2026-09-14 14:20,1,335,10621.0,,,INR,,,SerpApi Google Flights,2026-09-07T17:24:07.521448+00:00
30c46caceac9cc17b3a3de70dfb66b93e4e8adc6bbfda01aceff7e1339eae6f5,Google Flights,AMD,IXB,AMD,IXB,2026-09-14,IndiGo,"6E 5385, 6E 6124",2026-09-14 00:05,2026-09-14 09:30,1,565,9945.0,,,INR,,,SerpApi Google Flights,2026-09-07T17:24:07.521448+00:00
87c1a359d8ca6bda18e8b9b918f9b121b2c9b468ae3912c11a056ec0fd076567,Google Flights,AMD,IXB,AMD,IXB,2026-09-14,IndiGo,"6E 751, 6E 6134",2026-09-14 09:20,2026-09-14 17:35,1,495,9969.0,,,INR,,,SerpApi Google Flights,2026-09-07T17:24:07.521448+00:00
a4babd894e3f3c78be43b8251deb89bd7de016faf6f8c8f2d0ac31b6fb40c5d4,Google Flights,AMD,IXB,AMD,IXB,2026-09-14,"Air India, Air India Express","AI 2918, IX 1176",2026-09-14 06:00,2026-09-14 14:20,1,500,10073.0,,,INR,,,SerpApi Google Flights,2026-09-07T17:24:07.521448+00:00
55b8a487f78628b7ab22ba1fd2478ef025c9485d0c23f5b7e158758cfbee3cfb,Google Flights,AMD,IXB,AMD,IXB,2026-09-14,IndiGo,"6E 2179, 6E 6378",2026-09-14 09:50,2026-09-14 16:40,1,410,10292.0,,,INR,,,SerpApi Google Flights,2026-09-07T17:24:07.521448+00:00
8189d12142d9cfc5a11df31f0b60d1664a27cd5efc54bc2be3ec8c4c66e04a5b,Google Flights,AMD,IXB,AMD,IXB,2026-09-14,IndiGo,"6E 2209, 6E 5307",2026-09-14 05:00,2026-09-14 12:50,1,470,10636.0,,,INR,,,SerpApi Google Flights,2026-09-07T17:24:07.521448+00:00
4d25dcde1835fcde38a44f26fd8e1d4ff3331796f813fc51ffcf32af2bb17d0a,Google Flights,AMD,IXB,AMD,IXB,2026-09-14,"Air India, Air India Express","AI 2946, IX 1081",2026-09-14 09:30,2026-09-14 17:25,1,475,11055.0,,,INR,,,SerpApi Google Flights,2026-09-07T17:24:07.521448+00:00
38f15504dd8ad6554003b7b466fae0edc3c15a145b626fab3c82a30d89c0951e,Google Flights,AMD,IXB,AMD,IXB,2026-09-14,IndiGo,"6E 751, 6E 751",2026-09-14 09:20,2026-09-14 13:45,1,265,18918.0,,,INR,,,SerpApi Google Flights,2026-09-07T17:24:07.521448+00:00
6af7878b09eb95792f78cb81e5857011b03818aa43a5fd4f9bbef77025777b35,Google Flights,AMD,JLG,AMD,JLG,2026-09-14,Alliance Air,9I 609,2026-09-14 18:15,2026-09-14 19:35,0,80,1890.0,,,INR,,,SerpApi Google Flights,2026-09-07T17:24:13.847213+00:00
642223d54b229f91bdfa9ca7408f73961b5ef5ededdd9be9c1fd8c0ce290e59c,Google Flights,AMD,MAA,AMD,MAA,2026-09-14,IndiGo,"6E 699, 6E 159",2026-09-14 02:40,2026-09-14 07:20,1,280,7729.0,,,INR,,,SerpApi Google Flights,2026-09-07T17:24:20.668471+00:00
562a581361f0675f20cdb938dc76c87c9f59cd451cfc0041283e4261b0b9ec3b,Google Flights,AMD,MAA,AMD,MAA,2026-09-14,IndiGo,6E 479,2026-09-14 06:50,2026-09-14 09:15,0,145,8137.0,,,INR,,,SerpApi Google Flights,2026-09-07T17:24:20.668471+00:00
fb2fea0a866ec5710eeee9ad55bf5b7085d8e4c157176c834b3563e93aeda8df,Google Flights,AMD,MAA,AMD,MAA,2026-09-14,IndiGo,6E 348,2026-09-14 21:45,2026-09-15 00:15,0,150,8137.0,,,INR,,,SerpApi Google Flights,2026-09-07T17:24:20.668471+00:00
766d16f91f78e70aeb04d3b42867170243b03344bc13f04c87975c45b706ed17,Google Flights,AMD,MAA,AMD,MAA,2026-09-14,IndiGo,"6E 6098, 6E 598",2026-09-14 15:00,2026-09-14 19:10,1,250,8554.0,,,INR,,,SerpApi Google Flights,2026-09-07T17:24:20.668471+00:00
af185254c0174f1be23473765ead00665b06d2f002c02778fb60fa1f74133a90,Google Flights,AMD,MAA,AMD,MAA,2026-09-14,IndiGo,"6E 823, 6E 6208",2026-09-14 08:20,2026-09-14 13:55,1,335,8633.0,,,INR,,,SerpApi Google Flights,2026-09-07T17:24:20.668471+00:00
0400cba18c00574a61ddc20346f7dd83800ffe4041f1aa4ad00a0728cd858b0d,Google Flights,AMD,MAA,AMD,MAA,2026-09-14,IndiGo,"6E 6351, 6E 5188",2026-09-14 23:15,2026-09-15 08:20,1,545,8633.0,,,INR,,,SerpApi Google Flights,2026-09-07T17:24:20.668471+00:00
1bb368ea3af924619284a827c500518afc947d5071e34926410b983eefbb41f1,Google Flights,AMD,MAA,AMD,MAA,2026-09-14,IndiGo,"6E 863, 6E 6077",2026-09-14 16:55,2026-09-14 21:25,1,270,9273.0,,,INR,,,SerpApi Google Flights,2026-09-07T17:24:20.668471+00:00
acf431a69f77008c9f6ddb8f6e1353a060085d4a24caee4ab0e3db74b5504aa9,Google Flights,AMD,MAA,AMD,MAA,2026-09-14,IndiGo,"6E 879, 6E 514",2026-09-14 08:30,2026-09-14 15:30,1,420,11500.0,,,INR,,,SerpApi Google Flights,2026-09-07T17:24:20.668471+00:00
f163430d603781fb2db6541777fda47ed27baf30f9bf1b8e7df456dec6d4c228,Google Flights,AMD,MAA,AMD,MAA,2026-09-14,Kuwait Airways,"KU 348, KU 343",2026-09-14 04:20,2026-09-15 02:25,1,1325,37610.0,,,INR,,,SerpApi Google Flights,2026-09-07T17:24:20.668471+00:00
cc2162d0d84e7f1bcec8f150ffb0dac0db66df535ad2fc7e1bd3477dcac5790d,Google Flights,AMD,MAA,AMD,MAA,2026-09-14,Emirates,"EK 539, EK 542",2026-09-14 04:40,2026-09-15 02:30,1,1310,38786.0,,,INR,,,SerpApi Google Flights,2026-09-07T17:24:20.668471+00:00
8068d6370d3ee2d9fa8e051aa62424bf47ef05ca4a65ee5b90c67cb4f5a54c6d,Google Flights,AMD,MAA,AMD,MAA,2026-09-14,"Etihad, Akasa Air","EY 247, QP 587",2026-09-14 05:40,2026-09-14 14:40,1,540,44307.0,,,INR,,,SerpApi Google Flights,2026-09-07T17:24:20.668471+00:00
