source,origin,destination,travel_date,status,reason,collected_at
SerpApi Google Flights,AGX,GOX,2026-09-08,NO_FARE_FOUND,Google Flights returned no valid fare observations.,2026-09-07T17:01:27.580896+05:30
SerpApi Google Flights,AJL,SHL,2026-09-08,API_ERROR,Google Flights hasn't returned any results for this query.,2026-09-07T17:01:29.692823+05:30
SerpApi Google Flights,AMD,HSS,2026-09-08,API_ERROR,Google Flights hasn't returned any results for this query.,2026-09-07T17:01:42.129576+05:30
SerpApi Google Flights,AMD,IXK,2026-09-08,NO_FARE_FOUND,Google Flights returned no valid fare observations.,2026-09-07T17:01:44.214550+05:30
Google Flights via SerpApi,AGX,GOX,2026-09-08,NO_FARE_FOUND,Google Flights returned no fare observations.,2026-09-07T17:40:37.590453+00:00
Google Flights via SerpApi,BLR,SDW,2026-09-08,NO_FARE_FOUND,Google Flights returned no fare observations.,2026-09-07T17:48:06.558002+00:00
Google Flights via SerpApi,AMD,JGA,2026-09-08,NO_FARE_FOUND,Google Flights returned no fare observations.,2026-09-08T14:12:38.160398+00:00
Google Flights via SerpApi,AGX,GOX,2026-09-10,NO_FARE_FOUND,Google Flights returned no fare observations.,2026-09-09T14:46:47.933697+00:00
Google Flights via SerpApi,AMD,HSS,2026-09-10,NO_FARE_FOUND,Google Flights hasn't returned any results for this query.,2026-09-09T14:47:48.877907+00:00
Google Flights via SerpApi,AMD,IXK,2026-09-10,NO_FARE_FOUND,Google Flights hasn't returned any results for this query.,2026-09-09T14:48:06.272408+00:00
Google Flights via SerpApi,AGX,GOX,2026-09-10,NO_FARE_FOUND,Google Flights hasn't returned any results for this query.,2026-09-11T03:26:17.730530+00:00
Google Flights via SerpApi,AMD,BLR,2026-09-10,NO_FARE_FOUND,Google Flights hasn't returned any results for this query.,2026-09-11T03:26:22.530041+00:00
Google Flights via SerpApi,AMD,BOM,2026-09-10,NO_FARE_FOUND,Google Flights hasn't returned any results for this query.,2026-09-11T03:26:26.945950+00:00
Google Flights via SerpApi,AMD,CCU,2026-09-10,NO_FARE_FOUND,Google Flights hasn't returned any results for this query.,2026-09-11T03:26:31.222943+00:00
Google Flights via SerpApi,AMD,DEL,2026-09-10,NO_FARE_FOUND,Google Flights hasn't returned any results for this query.,2026-09-11T03:26:36.588308+00:00
Google Flights via SerpApi,AMD,DIU,2026-09-10,NO_FARE_FOUND,Google Flights hasn't returned any results for this query.,2026-09-11T03:26:41.121022+00:00
Google Flights via SerpApi,AMD,HSS,2026-09-10,NO_FARE_FOUND,Google Flights hasn't returned any results for this query.,2026-09-11T03:26:45.753189+00:00
Google Flights via SerpApi,AMD,IXB,2026-09-10,NO_FARE_FOUND,Google Flights hasn't returned any results for this query.,2026-09-11T03:26:50.858666+00:00
Google Flights via SerpApi,AMD,IXK,2026-09-10,NO_FARE_FOUND,Google Flights hasn't returned any results for this query.,2026-09-11T03:26:56.602831+00:00
Google Flights via SerpApi,AMD,JGA,2026-09-10,NO_FARE_FOUND,Google Flights hasn't returned any results for this query.,2026-09-11T03:27:01.858068+00:00
Google Flights via SerpApi,AMD,JLG,2026-09-10,NO_FARE_FOUND,Google Flights hasn't returned any results for this query.,2026-09-11T03:27:32.566637+00:00
Google Flights via SerpApi,AMD,MAA,2026-09-10,NO_FARE_FOUND,Google Flights hasn't returned any results for this query.,2026-09-11T03:27:37.249173+00:00
Google Flights via SerpApi,AMD,NDC,2026-09-10,NO_FARE_FOUND,Google Flights hasn't returned any results for this query.,2026-09-11T03:27:42.384126+00:00
Google Flights via SerpApi,AMD,PNQ,2026-09-10,NO_FARE_FOUND,Google Flights hasn't returned any results for this query.,2026-09-11T03:27:46.569367+00:00
Google Flights via SerpApi,AMD,PXN,2026-09-10,NO_FARE_FOUND,Google Flights hasn't returned any results for this query.,2026-09-11T03:27:51.633873+00:00
Google Flights via SerpApi,BLR,AMD,2026-09-10,NO_FARE_FOUND,Google Flights hasn't returned any results for this query.,2026-09-11T03:27:56.388947+00:00
Google Flights via SerpApi,BLR,BOM,2026-09-10,NO_FARE_FOUND,Google Flights hasn't returned any results for this query.,2026-09-11T03:28:02.023866+00:00
Google Flights via SerpApi,BLR,DEL,2026-09-10,NO_FARE_FOUND,Google Flights hasn't returned any results for this query.,2026-09-11T03:28:11.763603+00:00
Google Flights via SerpApi,BLR,GOX,2026-09-10,NO_FARE_FOUND,Google Flights hasn't returned any results for this query.,2026-09-11T03:28:21.378584+00:00
Google Flights via SerpApi,BLR,HYD,2026-09-10,NO_FARE_FOUND,Google Flights hasn't returned any results for this query.,2026-09-11T03:28:31.313598+00:00
Google Flights via SerpApi,BLR,IXA,2026-09-10,NO_FARE_FOUND,Google Flights hasn't returned any results for this query.,2026-09-11T03:29:16.482602+00:00
Google Flights via SerpApi,BLR,IXX,2026-09-10,NO_FARE_FOUND,Google Flights hasn't returned any results for this query.,2026-09-11T03:29:21.683179+00:00
Google Flights via SerpApi,BLR,NDC,2026-09-10,NO_FARE_FOUND,Google Flights hasn't returned any results for this query.,2026-09-11T03:29:26.607849+00:00
Google Flights via SerpApi,BLR,SDW,2026-09-10,NO_FARE_FOUND,Google Flights hasn't returned any results for this query.,2026-09-11T03:29:31.212846+00:00
Google Flights via SerpApi,BLR,VDY,2026-09-10,NO_FARE_FOUND,Google Flights hasn't returned any results for this query.,2026-09-11T03:29:35.922071+00:00
Google Flights via SerpApi,BOM,AMD,2026-09-10,NO_FARE_FOUND,Google Flights hasn't returned any results for this query.,2026-09-11T03:29:51.052338+00:00
Google Flights via SerpApi,BOM,BLR,2026-09-10,NO_FARE_FOUND,Google Flights hasn't returned any results for this query.,2026-09-11T03:29:55.992051+00:00
Google Flights via SerpApi,CCU,AMD,2026-09-10,NO_FARE_FOUND,Google Flights hasn't returned any results for this query.,2026-09-11T03:30:00.612816+00:00
Google Flights via SerpApi,CCU,COH,2026-09-10,NO_FARE_FOUND,Google Flights hasn't returned any results for this query.,2026-09-11T03:30:09.237348+00:00
Google Flights via SerpApi,CCU,IXA,2026-09-10,NO_FARE_FOUND,Google Flights hasn't returned any results for this query.,2026-09-11T03:30:23.576738+00:00
Google Flights via SerpApi,AGX,GOX,2026-09-12,NO_FARE_FOUND,Google Flights returned no fare observations.,2026-09-11T03:33:20.166291+00:00
Google Flights via SerpApi,AJL,IMF,2026-09-12,NO_FARE_FOUND,Google Flights returned no fare observations.,2026-09-11T03:34:58.668037+00:00
Google Flights via SerpApi,AMD,IXK,2026-09-12,NO_FARE_FOUND,Google Flights returned no fare observations.,2026-09-11T03:35:55.178209+00:00
Google Flights via SerpApi,AMD,NDC,2026-09-12,NO_FARE_FOUND,Google Flights hasn't returned any results for this query.,2026-09-11T03:37:44.546712+00:00
