airline,flight_number,origin,destination,travel_date,advance_window,aircraft_type,frequency,effective_from,effective_to,source_file,search_status
Air India Express,IX 1521,CCU,IXA,2026-09-08,T+1,A320N,1234567,29/03/2026,24/10/2026,AirIndiaExpressLimited_SS_2026.pdf,queued
Air India Express,IX 1521,CCU,IXA,2026-09-14,T+7,A320N,1234567,29/03/2026,24/10/2026,AirIndiaExpressLimited_SS_2026.pdf,queued
Air India Express,IX 1521,CCU,IXA,2026-09-22,T+15,A320N,1234567,29/03/2026,24/10/2026,AirIndiaExpressLimited_SS_2026.pdf,queued
Air India Express,IX 1521,CCU,IXA,2026-10-07,T+30,A320N,1234567,29/03/2026,24/10/2026,AirIndiaExpressLimited_SS_2026.pdf,queued
Air India Express,IX 1521,CCU,IXA,2026-10-22,T+45,A320N,1234567,29/03/2026,24/10/2026,AirIndiaExpressLimited_SS_2026.pdf,queued
Air India Express,IX 1522,IXA,CCU,2026-09-08,T+1,A320N,1234567,29/03/2026,24/10/2026,AirIndiaExpressLimited_SS_2026.pdf,queued
Air India Express,IX 1522,IXA,CCU,2026-09-14,T+7,A320N,1234567,29/03/2026,24/10/2026,AirIndiaExpressLimited_SS_2026.pdf,queued
Air India Express,IX 1522,IXA,CCU,2026-09-22,T+15,A320N,1234567,29/03/2026,24/10/2026,AirIndiaExpressLimited_SS_2026.pdf,queued
Air India Express,IX 1522,IXA,CCU,2026-10-07,T+30,A320N,1234567,29/03/2026,24/10/2026,AirIndiaExpressLimited_SS_2026.pdf,queued
Air India Express,IX 1522,IXA,CCU,2026-10-22,T+45,A320N,1234567,29/03/2026,24/10/2026,AirIndiaExpressLimited_SS_2026.pdf,queued
Air India Express,IX 2892,IXB,IXA,2026-09-08,T+1,B737,37,12/04/2026,22/04/2026,AirIndiaExpressLimited_SS_2026.pdf,queued
Air India Express,IX 2892,IXB,IXA,2026-09-14,T+7,B737,37,12/04/2026,22/04/2026,AirIndiaExpressLimited_SS_2026.pdf,queued
Air India Express,IX 2892,IXB,IXA,2026-09-22,T+15,B737,37,12/04/2026,22/04/2026,AirIndiaExpressLimited_SS_2026.pdf,queued
Air India Express,IX 2892,IXB,IXA,2026-10-07,T+30,B737,37,12/04/2026,22/04/2026,AirIndiaExpressLimited_SS_2026.pdf,queued
Air India Express,IX 2892,IXB,IXA,2026-10-22,T+45,B737,37,12/04/2026,22/04/2026,AirIndiaExpressLimited_SS_2026.pdf,queued
Air India,AI 2909,DEL,AMD,2026-09-08,T+1,A320,5,05/06/2026,23/10/2026,AirIndiaLtd_SS_2026.pdf,queued
Air India,AI 2909,DEL,AMD,2026-09-14,T+7,A320,5,05/06/2026,23/10/2026,AirIndiaLtd_SS_2026.pdf,queued
Air India,AI 2909,DEL,AMD,2026-09-22,T+15,A320,5,05/06/2026,23/10/2026,AirIndiaLtd_SS_2026.pdf,queued
Air India,AI 2909,DEL,AMD,2026-10-07,T+30,A320,5,05/06/2026,23/10/2026,AirIndiaLtd_SS_2026.pdf,queued
Air India,AI 2909,DEL,AMD,2026-10-22,T+45,A320,5,05/06/2026,23/10/2026,AirIndiaLtd_SS_2026.pdf,queued
Air India,AI 2918,AMD,BOM,2026-09-08,T+1,A320,7,29/03/2026,29/03/2026,AirIndiaLtd_SS_2026.pdf,queued
Air India,AI 2918,AMD,BOM,2026-09-14,T+7,A320,7,29/03/2026,29/03/2026,AirIndiaLtd_SS_2026.pdf,queued
Air India,AI 2918,AMD,BOM,2026-09-22,T+15,A320,7,29/03/2026,29/03/2026,AirIndiaLtd_SS_2026.pdf,queued
Air India,AI 2918,AMD,BOM,2026-10-07,T+30,A320,7,29/03/2026,29/03/2026,AirIndiaLtd_SS_2026.pdf,queued
Air India,AI 2918,AMD,BOM,2026-10-22,T+45,A320,7,29/03/2026,29/03/2026,AirIndiaLtd_SS_2026.pdf,queued
Air India,AI 2906,AMD,DEL,2026-09-08,T+1,A320,7,29/03/2026,29/03/2026,AirIndiaLtd_SS_2026.pdf,queued
Air India,AI 2906,AMD,DEL,2026-09-14,T+7,A320,7,29/03/2026,29/03/2026,AirIndiaLtd_SS_2026.pdf,queued
Air India,AI 2906,AMD,DEL,2026-09-22,T+15,A320,7,29/03/2026,29/03/2026,AirIndiaLtd_SS_2026.pdf,queued
Air India,AI 2906,AMD,DEL,2026-10-07,T+30,A320,7,29/03/2026,29/03/2026,AirIndiaLtd_SS_2026.pdf,queued
Air India,AI 2906,AMD,DEL,2026-10-22,T+45,A320,7,29/03/2026,29/03/2026,AirIndiaLtd_SS_2026.pdf,queued
Air India,AI 817,DEL,AMD,2026-09-08,T+1,A321,1234567,29/03/2026,24/10/2026,AirIndiaLtd_SS_2026.pdf,queued
Air India,AI 817,DEL,AMD,2026-09-14,T+7,A321,1234567,29/03/2026,24/10/2026,AirIndiaLtd_SS_2026.pdf,queued
Air India,AI 817,DEL,AMD,2026-09-22,T+15,A321,1234567,29/03/2026,24/10/2026,AirIndiaLtd_SS_2026.pdf,queued
Air India,AI 817,DEL,AMD,2026-10-07,T+30,A321,1234567,29/03/2026,24/10/2026,AirIndiaLtd_SS_2026.pdf,queued
Air India,AI 817,DEL,AMD,2026-10-22,T+45,A321,1234567,29/03/2026,24/10/2026,AirIndiaLtd_SS_2026.pdf,queued
Air India,AI 493,BOM,AMD,2026-09-08,T+1,A321,1234567,29/03/2026,24/10/2026,AirIndiaLtd_SS_2026.pdf,queued
Air India,AI 493,BOM,AMD,2026-09-14,T+7,A321,1234567,29/03/2026,24/10/2026,AirIndiaLtd_SS_2026.pdf,queued
Air India,AI 493,BOM,AMD,2026-09-22,T+15,A321,1234567,29/03/2026,24/10/2026,AirIndiaLtd_SS_2026.pdf,queued
Air India,AI 493,BOM,AMD,2026-10-07,T+30,A321,1234567,29/03/2026,24/10/2026,AirIndiaLtd_SS_2026.pdf,queued
Air India,AI 493,BOM,AMD,2026-10-22,T+45,A321,1234567,29/03/2026,24/10/2026,AirIndiaLtd_SS_2026.pdf,queued
Air India,AI 818,AMD,DEL,2026-09-08,T+1,A321,1234567,29/03/2026,24/10/2026,AirIndiaLtd_SS_2026.pdf,queued
Air India,AI 818,AMD,DEL,2026-09-14,T+7,A321,1234567,29/03/2026,24/10/2026,AirIndiaLtd_SS_2026.pdf,queued
Air India,AI 818,AMD,DEL,2026-09-22,T+15,A321,1234567,29/03/2026,24/10/2026,AirIndiaLtd_SS_2026.pdf,queued
Air India,AI 818,AMD,DEL,2026-10-07,T+30,A321,1234567,29/03/2026,24/10/2026,AirIndiaLtd_SS_2026.pdf,queued
Air India,AI 818,AMD,DEL,2026-10-22,T+45,A321,1234567,29/03/2026,24/10/2026,AirIndiaLtd_SS_2026.pdf,queued
Air India,AI 494,AMD,BOM,2026-09-08,T+1,A321,1234567,29/03/2026,24/10/2026,AirIndiaLtd_SS_2026.pdf,queued
Air India,AI 494,AMD,BOM,2026-09-14,T+7,A321,1234567,29/03/2026,24/10/2026,AirIndiaLtd_SS_2026.pdf,queued
Air India,AI 494,AMD,BOM,2026-09-22,T+15,A321,1234567,29/03/2026,24/10/2026,AirIndiaLtd_SS_2026.pdf,queued
Air India,AI 494,AMD,BOM,2026-10-07,T+30,A321,1234567,29/03/2026,24/10/2026,AirIndiaLtd_SS_2026.pdf,queued
Air India,AI 494,AMD,BOM,2026-10-22,T+45,A321,1234567,29/03/2026,24/10/2026,AirIndiaLtd_SS_2026.pdf,queued
Air India,AI 2959,DEL,AMD,2026-09-08,T+1,A320,67,29/03/2026,24/10/2026,AirIndiaLtd_SS_2026.pdf,queued
Air India,AI 2959,DEL,AMD,2026-09-14,T+7,A320,67,29/03/2026,24/10/2026,AirIndiaLtd_SS_2026.pdf,queued
Air India,AI 2959,DEL,AMD,2026-09-22,T+15,A320,67,29/03/2026,24/10/2026,AirIndiaLtd_SS_2026.pdf,queued
Air India,AI 2959,DEL,AMD,2026-10-07,T+30,A320,67,29/03/2026,24/10/2026,AirIndiaLtd_SS_2026.pdf,queued
Air India,AI 2959,DEL,AMD,2026-10-22,T+45,A320,67,29/03/2026,24/10/2026,AirIndiaLtd_SS_2026.pdf,queued
Air India,AI 2946,AMD,DEL,2026-09-08,T+1,A320,67,29/03/2026,24/10/2026,AirIndiaLtd_SS_2026.pdf,queued
Air India,AI 2946,AMD,DEL,2026-09-14,T+7,A320,67,29/03/2026,24/10/2026,AirIndiaLtd_SS_2026.pdf,queued
Air India,AI 2946,AMD,DEL,2026-09-22,T+15,A320,67,29/03/2026,24/10/2026,AirIndiaLtd_SS_2026.pdf,queued
Air India,AI 2946,AMD,DEL,2026-10-07,T+30,A320,67,29/03/2026,24/10/2026,AirIndiaLtd_SS_2026.pdf,queued
Air India,AI 2946,AMD,DEL,2026-10-22,T+45,A320,67,29/03/2026,24/10/2026,AirIndiaLtd_SS_2026.pdf,queued
Air India,AI 424,AMD,DEL,2026-09-08,T+1,B787,3,06/05/2026,06/05/2026,AirIndiaLtd_SS_2026.pdf,queued
Air India,AI 424,AMD,DEL,2026-09-14,T+7,B787,3,06/05/2026,06/05/2026,AirIndiaLtd_SS_2026.pdf,queued
Air India,AI 424,AMD,DEL,2026-09-22,T+15,B787,3,06/05/2026,06/05/2026,AirIndiaLtd_SS_2026.pdf,queued
Air India,AI 424,AMD,DEL,2026-10-07,T+30,B787,3,06/05/2026,06/05/2026,AirIndiaLtd_SS_2026.pdf,queued
Air India,AI 424,AMD,DEL,2026-10-22,T+45,B787,3,06/05/2026,06/05/2026,AirIndiaLtd_SS_2026.pdf,queued
Air India,AI 2847,BOM,AMD,2026-09-08,T+1,A320,3,01/04/2026,29/04/2026,AirIndiaLtd_SS_2026.pdf,queued
Air India,AI 2847,BOM,AMD,2026-09-14,T+7,A320,3,01/04/2026,29/04/2026,AirIndiaLtd_SS_2026.pdf,queued
Air India,AI 2847,BOM,AMD,2026-09-22,T+15,A320,3,01/04/2026,29/04/2026,AirIndiaLtd_SS_2026.pdf,queued
Air India,AI 2847,BOM,AMD,2026-10-07,T+30,A320,3,01/04/2026,29/04/2026,AirIndiaLtd_SS_2026.pdf,queued
Air India,AI 2847,BOM,AMD,2026-10-22,T+45,A320,3,01/04/2026,29/04/2026,AirIndiaLtd_SS_2026.pdf,queued
Air India,AI 2848,AMD,BOM,2026-09-08,T+1,A320,3,01/04/2026,29/04/2026,AirIndiaLtd_SS_2026.pdf,queued
Air India,AI 2848,AMD,BOM,2026-09-14,T+7,A320,3,01/04/2026,29/04/2026,AirIndiaLtd_SS_2026.pdf,queued
Air India,AI 2848,AMD,BOM,2026-09-22,T+15,A320,3,01/04/2026,29/04/2026,AirIndiaLtd_SS_2026.pdf,queued
Air India,AI 2848,AMD,BOM,2026-10-07,T+30,A320,3,01/04/2026,29/04/2026,AirIndiaLtd_SS_2026.pdf,queued
Air India,AI 2848,AMD,BOM,2026-10-22,T+45,A320,3,01/04/2026,29/04/2026,AirIndiaLtd_SS_2026.pdf,queued
Air India,AI 423,DEL,AMD,2026-09-08,T+1,B777,6,08/08/2026,24/10/2026,AirIndiaLtd_SS_2026.pdf,queued
Air India,AI 423,DEL,AMD,2026-09-14,T+7,B777,6,08/08/2026,24/10/2026,AirIndiaLtd_SS_2026.pdf,queued
Air India,AI 423,DEL,AMD,2026-09-22,T+15,B777,6,08/08/2026,24/10/2026,AirIndiaLtd_SS_2026.pdf,queued
Air India,AI 423,DEL,AMD,2026-10-07,T+30,B777,6,08/08/2026,24/10/2026,AirIndiaLtd_SS_2026.pdf,queued
Air India,AI 423,DEL,AMD,2026-10-22,T+45,B777,6,08/08/2026,24/10/2026,AirIndiaLtd_SS_2026.pdf,queued
Alliance Air,9I 611,BOM,AMD,2026-09-08,T+1,ATR 72,46,29/03/2026,24/10/2026,AllianceAir_SS_2026.pdf,queued
Alliance Air,9I 611,BOM,AMD,2026-09-14,T+7,ATR 72,46,29/03/2026,24/10/2026,AllianceAir_SS_2026.pdf,queued
Alliance Air,9I 611,BOM,AMD,2026-09-22,T+15,ATR 72,46,29/03/2026,24/10/2026,AllianceAir_SS_2026.pdf,queued
Alliance Air,9I 611,BOM,AMD,2026-10-07,T+30,ATR 72,46,29/03/2026,24/10/2026,AllianceAir_SS_2026.pdf,queued
Alliance Air,9I 611,BOM,AMD,2026-10-22,T+45,ATR 72,46,29/03/2026,24/10/2026,AllianceAir_SS_2026.pdf,queued
Alliance Air,9I 603,AMD,IXK,2026-09-08,T+1,ATR 72,46,29/03/2026,24/10/2026,AllianceAir_SS_2026.pdf,queued
Alliance Air,9I 603,AMD,IXK,2026-09-14,T+7,ATR 72,46,29/03/2026,24/10/2026,AllianceAir_SS_2026.pdf,queued
Alliance Air,9I 603,AMD,IXK,2026-09-22,T+15,ATR 72,46,29/03/2026,24/10/2026,AllianceAir_SS_2026.pdf,queued
Alliance Air,9I 603,AMD,IXK,2026-10-07,T+30,ATR 72,46,29/03/2026,24/10/2026,AllianceAir_SS_2026.pdf,queued
Alliance Air,9I 603,AMD,IXK,2026-10-22,T+45,ATR 72,46,29/03/2026,24/10/2026,AllianceAir_SS_2026.pdf,queued
Alliance Air,9I 610,JLG,AMD,2026-09-08,T+1,ATR 72,2,29/03/2026,24/10/2026,AllianceAir_SS_2026.pdf,queued
Alliance Air,9I 610,JLG,AMD,2026-09-14,T+7,ATR 72,2,29/03/2026,24/10/2026,AllianceAir_SS_2026.pdf,queued
Alliance Air,9I 610,JLG,AMD,2026-09-22,T+15,ATR 72,2,29/03/2026,24/10/2026,AllianceAir_SS_2026.pdf,queued
Alliance Air,9I 610,JLG,AMD,2026-10-07,T+30,ATR 72,2,29/03/2026,24/10/2026,AllianceAir_SS_2026.pdf,queued
Alliance Air,9I 610,JLG,AMD,2026-10-22,T+45,ATR 72,2,29/03/2026,24/10/2026,AllianceAir_SS_2026.pdf,queued
Alliance Air,9I 604,IXK,AMD,2026-09-08,T+1,ATR 72,46,29/03/2026,24/10/2026,AllianceAir_SS_2026.pdf,queued
Alliance Air,9I 604,IXK,AMD,2026-09-14,T+7,ATR 72,46,29/03/2026,24/10/2026,AllianceAir_SS_2026.pdf,queued
Alliance Air,9I 604,IXK,AMD,2026-09-22,T+15,ATR 72,46,29/03/2026,24/10/2026,AllianceAir_SS_2026.pdf,queued
Alliance Air,9I 604,IXK,AMD,2026-10-07,T+30,ATR 72,46,29/03/2026,24/10/2026,AllianceAir_SS_2026.pdf,queued
Alliance Air,9I 604,IXK,AMD,2026-10-22,T+45,ATR 72,46,29/03/2026,24/10/2026,AllianceAir_SS_2026.pdf,queued
Alliance Air,9I 609,AMD,JLG,2026-09-08,T+1,ATR 72,46,29/03/2026,24/10/2026,AllianceAir_SS_2026.pdf,queued
Alliance Air,9I 609,AMD,JLG,2026-09-14,T+7,ATR 72,46,29/03/2026,24/10/2026,AllianceAir_SS_2026.pdf,queued
Alliance Air,9I 609,AMD,JLG,2026-09-22,T+15,ATR 72,46,29/03/2026,24/10/2026,AllianceAir_SS_2026.pdf,queued
Alliance Air,9I 609,AMD,JLG,2026-10-07,T+30,ATR 72,46,29/03/2026,24/10/2026,AllianceAir_SS_2026.pdf,queued
Alliance Air,9I 609,AMD,JLG,2026-10-22,T+45,ATR 72,46,29/03/2026,24/10/2026,AllianceAir_SS_2026.pdf,queued
Alliance Air,9I 861,HSS,AMD,2026-09-08,T+1,ATR 42,24,29/03/2026,24/10/2026,AllianceAir_SS_2026.pdf,queued
Alliance Air,9I 861,HSS,AMD,2026-09-14,T+7,ATR 42,24,29/03/2026,24/10/2026,AllianceAir_SS_2026.pdf,queued
Alliance Air,9I 861,HSS,AMD,2026-09-22,T+15,ATR 42,24,29/03/2026,24/10/2026,AllianceAir_SS_2026.pdf,queued
Alliance Air,9I 861,HSS,AMD,2026-10-07,T+30,ATR 42,24,29/03/2026,24/10/2026,AllianceAir_SS_2026.pdf,queued
Alliance Air,9I 861,HSS,AMD,2026-10-22,T+45,ATR 42,24,29/03/2026,24/10/2026,AllianceAir_SS_2026.pdf,queued
Alliance Air,9I 862,AMD,HSS,2026-09-08,T+1,ATR 42,24,29/03/2026,24/10/2026,AllianceAir_SS_2026.pdf,queued
Alliance Air,9I 862,AMD,HSS,2026-09-14,T+7,ATR 42,24,29/03/2026,24/10/2026,AllianceAir_SS_2026.pdf,queued
Alliance Air,9I 862,AMD,HSS,2026-09-22,T+15,ATR 42,24,29/03/2026,24/10/2026,AllianceAir_SS_2026.pdf,queued
Alliance Air,9I 862,AMD,HSS,2026-10-07,T+30,ATR 42,24,29/03/2026,24/10/2026,AllianceAir_SS_2026.pdf,queued
Alliance Air,9I 862,AMD,HSS,2026-10-22,T+45,ATR 42,24,29/03/2026,24/10/2026,AllianceAir_SS_2026.pdf,queued
Alliance Air,9I 612,AMD,BOM,2026-09-08,T+1,ATR 72,46,29/03/2026,24/10/2026,AllianceAir_SS_2026.pdf,queued
Alliance Air,9I 612,AMD,BOM,2026-09-14,T+7,ATR 72,46,29/03/2026,24/10/2026,AllianceAir_SS_2026.pdf,queued
Alliance Air,9I 612,AMD,BOM,2026-09-22,T+15,ATR 72,46,29/03/2026,24/10/2026,AllianceAir_SS_2026.pdf,queued
Alliance Air,9I 612,AMD,BOM,2026-10-07,T+30,ATR 72,46,29/03/2026,24/10/2026,AllianceAir_SS_2026.pdf,queued
Alliance Air,9I 612,AMD,BOM,2026-10-22,T+45,ATR 72,46,29/03/2026,24/10/2026,AllianceAir_SS_2026.pdf,queued
Alliance Air,9I 786,SHL,AJL,2026-09-08,T+1,ATR 72,125,29/03/2026,24/10/2026,AllianceAir_SS_2026.pdf,queued
Alliance Air,9I 786,SHL,AJL,2026-09-14,T+7,ATR 72,125,29/03/2026,24/10/2026,AllianceAir_SS_2026.pdf,queued
Alliance Air,9I 786,SHL,AJL,2026-09-22,T+15,ATR 72,125,29/03/2026,24/10/2026,AllianceAir_SS_2026.pdf,queued
Alliance Air,9I 786,SHL,AJL,2026-10-07,T+30,ATR 72,125,29/03/2026,24/10/2026,AllianceAir_SS_2026.pdf,queued
Alliance Air,9I 786,SHL,AJL,2026-10-22,T+45,ATR 72,125,29/03/2026,24/10/2026,AllianceAir_SS_2026.pdf,queued
Alliance Air,9I 787,GAU,AJL,2026-09-08,T+1,ATR 72,7,29/03/2026,24/10/2026,AllianceAir_SS_2026.pdf,queued
Alliance Air,9I 787,GAU,AJL,2026-09-14,T+7,ATR 72,7,29/03/2026,24/10/2026,AllianceAir_SS_2026.pdf,queued
Alliance Air,9I 787,GAU,AJL,2026-09-22,T+15,ATR 72,7,29/03/2026,24/10/2026,AllianceAir_SS_2026.pdf,queued
Alliance Air,9I 787,GAU,AJL,2026-10-07,T+30,ATR 72,7,29/03/2026,24/10/2026,AllianceAir_SS_2026.pdf,queued
Alliance Air,9I 787,GAU,AJL,2026-10-22,T+45,ATR 72,7,29/03/2026,24/10/2026,AllianceAir_SS_2026.pdf,queued
Alliance Air,9I 785,AJL,SHL,2026-09-08,T+1,ATR 72,125,29/03/2026,24/10/2026,AllianceAir_SS_2026.pdf,queued
Alliance Air,9I 785,AJL,SHL,2026-09-14,T+7,ATR 72,125,29/03/2026,24/10/2026,AllianceAir_SS_2026.pdf,queued
Alliance Air,9I 785,AJL,SHL,2026-09-22,T+15,ATR 72,125,29/03/2026,24/10/2026,AllianceAir_SS_2026.pdf,queued
Alliance Air,9I 785,AJL,SHL,2026-10-07,T+30,ATR 72,125,29/03/2026,24/10/2026,AllianceAir_SS_2026.pdf,queued
Alliance Air,9I 785,AJL,SHL,2026-10-22,T+45,ATR 72,125,29/03/2026,24/10/2026,AllianceAir_SS_2026.pdf,queued
Alliance Air,9I 787,AJL,IMF,2026-09-08,T+1,ATR 72,36,29/03/2026,24/10/2026,AllianceAir_SS_2026.pdf,queued
Alliance Air,9I 787,AJL,IMF,2026-09-14,T+7,ATR 72,36,29/03/2026,24/10/2026,AllianceAir_SS_2026.pdf,queued
Alliance Air,9I 787,AJL,IMF,2026-09-22,T+15,ATR 72,36,29/03/2026,24/10/2026,AllianceAir_SS_2026.pdf,queued
Alliance Air,9I 787,AJL,IMF,2026-10-07,T+30,ATR 72,36,29/03/2026,24/10/2026,AllianceAir_SS_2026.pdf,queued
Alliance Air,9I 787,AJL,IMF,2026-10-22,T+45,ATR 72,36,29/03/2026,24/10/2026,AllianceAir_SS_2026.pdf,queued
Alliance Air,9I 788,AJL,GAU,2026-09-08,T+1,ATR 72,1,29/03/2026,24/10/2026,AllianceAir_SS_2026.pdf,queued
Alliance Air,9I 788,AJL,GAU,2026-09-14,T+7,ATR 72,1,29/03/2026,24/10/2026,AllianceAir_SS_2026.pdf,queued
Alliance Air,9I 788,AJL,GAU,2026-09-22,T+15,ATR 72,1,29/03/2026,24/10/2026,AllianceAir_SS_2026.pdf,queued
Alliance Air,9I 788,AJL,GAU,2026-10-07,T+30,ATR 72,1,29/03/2026,24/10/2026,AllianceAir_SS_2026.pdf,queued
Alliance Air,9I 788,AJL,GAU,2026-10-22,T+45,ATR 72,1,29/03/2026,24/10/2026,AllianceAir_SS_2026.pdf,queued
Alliance Air,9I 788,IMF,AJL,2026-09-08,T+1,ATR 72,36,29/03/2026,24/10/2026,AllianceAir_SS_2026.pdf,queued
Alliance Air,9I 788,IMF,AJL,2026-09-14,T+7,ATR 72,36,29/03/2026,24/10/2026,AllianceAir_SS_2026.pdf,queued
Alliance Air,9I 788,IMF,AJL,2026-09-22,T+15,ATR 72,36,29/03/2026,24/10/2026,AllianceAir_SS_2026.pdf,queued
Alliance Air,9I 788,IMF,AJL,2026-10-07,T+30,ATR 72,36,29/03/2026,24/10/2026,AllianceAir_SS_2026.pdf,queued
Alliance Air,9I 788,IMF,AJL,2026-10-22,T+45,ATR 72,36,29/03/2026,24/10/2026,AllianceAir_SS_2026.pdf,queued
Ghodawat Enterprises,S5 618,AMD,PXN,2026-09-08,T+1,EMB,7,29/03/2026,29/03/2026,Ghodawat EnterprisesPvtLtd_SS_2026.pdf,queued
Ghodawat Enterprises,S5 618,AMD,PXN,2026-09-14,T+7,EMB,7,29/03/2026,29/03/2026,Ghodawat EnterprisesPvtLtd_SS_2026.pdf,queued
Ghodawat Enterprises,S5 618,AMD,PXN,2026-09-22,T+15,EMB,7,29/03/2026,29/03/2026,Ghodawat EnterprisesPvtLtd_SS_2026.pdf,queued
Ghodawat Enterprises,S5 618,AMD,PXN,2026-10-07,T+30,EMB,7,29/03/2026,29/03/2026,Ghodawat EnterprisesPvtLtd_SS_2026.pdf,queued
Ghodawat Enterprises,S5 618,AMD,PXN,2026-10-22,T+45,EMB,7,29/03/2026,29/03/2026,Ghodawat EnterprisesPvtLtd_SS_2026.pdf,queued
Ghodawat Enterprises,S5 614,AMD,JGA,2026-09-08,T+1,EMB,23457,29/03/2026,23/10/2026,Ghodawat EnterprisesPvtLtd_SS_2026.pdf,queued
Ghodawat Enterprises,S5 614,AMD,JGA,2026-09-14,T+7,EMB,23457,29/03/2026,23/10/2026,Ghodawat EnterprisesPvtLtd_SS_2026.pdf,queued
Ghodawat Enterprises,S5 614,AMD,JGA,2026-09-22,T+15,EMB,23457,29/03/2026,23/10/2026,Ghodawat EnterprisesPvtLtd_SS_2026.pdf,queued
Ghodawat Enterprises,S5 614,AMD,JGA,2026-10-07,T+30,EMB,23457,29/03/2026,23/10/2026,Ghodawat EnterprisesPvtLtd_SS_2026.pdf,queued
Ghodawat Enterprises,S5 614,AMD,JGA,2026-10-22,T+45,EMB,23457,29/03/2026,23/10/2026,Ghodawat EnterprisesPvtLtd_SS_2026.pdf,queued
Ghodawat Enterprises,S5 218,NDC,AMD,2026-09-08,T+1,EMB,3,01/04/2026,21/10/2026,Ghodawat EnterprisesPvtLtd_SS_2026.pdf,queued
Ghodawat Enterprises,S5 218,NDC,AMD,2026-09-14,T+7,EMB,3,01/04/2026,21/10/2026,Ghodawat EnterprisesPvtLtd_SS_2026.pdf,queued
Ghodawat Enterprises,S5 218,NDC,AMD,2026-09-22,T+15,EMB,3,01/04/2026,21/10/2026,Ghodawat EnterprisesPvtLtd_SS_2026.pdf,queued
Ghodawat Enterprises,S5 218,NDC,AMD,2026-10-07,T+30,EMB,3,01/04/2026,21/10/2026,Ghodawat EnterprisesPvtLtd_SS_2026.pdf,queued
Ghodawat Enterprises,S5 218,NDC,AMD,2026-10-22,T+45,EMB,3,01/04/2026,21/10/2026,Ghodawat EnterprisesPvtLtd_SS_2026.pdf,queued
Ghodawat Enterprises,S5 425,DIU,AMD,2026-09-08,T+1,EMB,24,31/03/2026,22/10/2026,Ghodawat EnterprisesPvtLtd_SS_2026.pdf,queued
Ghodawat Enterprises,S5 425,DIU,AMD,2026-09-14,T+7,EMB,24,31/03/2026,22/10/2026,Ghodawat EnterprisesPvtLtd_SS_2026.pdf,queued
Ghodawat Enterprises,S5 425,DIU,AMD,2026-09-22,T+15,EMB,24,31/03/2026,22/10/2026,Ghodawat EnterprisesPvtLtd_SS_2026.pdf,queued
Ghodawat Enterprises,S5 425,DIU,AMD,2026-10-07,T+30,EMB,24,31/03/2026,22/10/2026,Ghodawat EnterprisesPvtLtd_SS_2026.pdf,queued
Ghodawat Enterprises,S5 425,DIU,AMD,2026-10-22,T+45,EMB,24,31/03/2026,22/10/2026,Ghodawat EnterprisesPvtLtd_SS_2026.pdf,queued
Ghodawat Enterprises,S5 424,AMD,DIU,2026-09-08,T+1,EMB,24,31/03/2026,22/10/2026,Ghodawat EnterprisesPvtLtd_SS_2026.pdf,queued
Ghodawat Enterprises,S5 424,AMD,DIU,2026-09-14,T+7,EMB,24,31/03/2026,22/10/2026,Ghodawat EnterprisesPvtLtd_SS_2026.pdf,queued
Ghodawat Enterprises,S5 424,AMD,DIU,2026-09-22,T+15,EMB,24,31/03/2026,22/10/2026,Ghodawat EnterprisesPvtLtd_SS_2026.pdf,queued
Ghodawat Enterprises,S5 424,AMD,DIU,2026-10-07,T+30,EMB,24,31/03/2026,22/10/2026,Ghodawat EnterprisesPvtLtd_SS_2026.pdf,queued
Ghodawat Enterprises,S5 424,AMD,DIU,2026-10-22,T+45,EMB,24,31/03/2026,22/10/2026,Ghodawat EnterprisesPvtLtd_SS_2026.pdf,queued
Ghodawat Enterprises,S5 219,AMD,NDC,2026-09-08,T+1,EMB,146,30/03/2026,24/10/2026,Ghodawat EnterprisesPvtLtd_SS_2026.pdf,queued
Ghodawat Enterprises,S5 219,AMD,NDC,2026-09-14,T+7,EMB,146,30/03/2026,24/10/2026,Ghodawat EnterprisesPvtLtd_SS_2026.pdf,queued
Ghodawat Enterprises,S5 219,AMD,NDC,2026-09-22,T+15,EMB,146,30/03/2026,24/10/2026,Ghodawat EnterprisesPvtLtd_SS_2026.pdf,queued
Ghodawat Enterprises,S5 219,AMD,NDC,2026-10-07,T+30,EMB,146,30/03/2026,24/10/2026,Ghodawat EnterprisesPvtLtd_SS_2026.pdf,queued
Ghodawat Enterprises,S5 219,AMD,NDC,2026-10-22,T+45,EMB,146,30/03/2026,24/10/2026,Ghodawat EnterprisesPvtLtd_SS_2026.pdf,queued
Ghodawat Enterprises,S5 615,JGA,AMD,2026-09-08,T+1,EMB,1234567,29/03/2026,24/10/2026,Ghodawat EnterprisesPvtLtd_SS_2026.pdf,queued
Ghodawat Enterprises,S5 615,JGA,AMD,2026-09-14,T+7,EMB,1234567,29/03/2026,24/10/2026,Ghodawat EnterprisesPvtLtd_SS_2026.pdf,queued
Ghodawat Enterprises,S5 615,JGA,AMD,2026-09-22,T+15,EMB,1234567,29/03/2026,24/10/2026,Ghodawat EnterprisesPvtLtd_SS_2026.pdf,queued
Ghodawat Enterprises,S5 615,JGA,AMD,2026-10-07,T+30,EMB,1234567,29/03/2026,24/10/2026,Ghodawat EnterprisesPvtLtd_SS_2026.pdf,queued
Ghodawat Enterprises,S5 615,JGA,AMD,2026-10-22,T+45,EMB,1234567,29/03/2026,24/10/2026,Ghodawat EnterprisesPvtLtd_SS_2026.pdf,queued
Ghodawat Enterprises,S5 619,PXN,AMD,2026-09-08,T+1,EMB,1234567,29/03/2026,23/10/2026,Ghodawat EnterprisesPvtLtd_SS_2026.pdf,queued
Ghodawat Enterprises,S5 619,PXN,AMD,2026-09-14,T+7,EMB,1234567,29/03/2026,23/10/2026,Ghodawat EnterprisesPvtLtd_SS_2026.pdf,queued
Ghodawat Enterprises,S5 619,PXN,AMD,2026-09-22,T+15,EMB,1234567,29/03/2026,23/10/2026,Ghodawat EnterprisesPvtLtd_SS_2026.pdf,queued
Ghodawat Enterprises,S5 619,PXN,AMD,2026-10-07,T+30,EMB,1234567,29/03/2026,23/10/2026,Ghodawat EnterprisesPvtLtd_SS_2026.pdf,queued
Ghodawat Enterprises,S5 619,PXN,AMD,2026-10-22,T+45,EMB,1234567,29/03/2026,23/10/2026,Ghodawat EnterprisesPvtLtd_SS_2026.pdf,queued
Ghodawat Enterprises,S5 159,BLR,IXX,2026-09-08,T+1,EMB,7,29/03/2026,29/03/2026,Ghodawat EnterprisesPvtLtd_SS_2026.pdf,queued
Ghodawat Enterprises,S5 159,BLR,IXX,2026-09-14,T+7,EMB,7,29/03/2026,29/03/2026,Ghodawat EnterprisesPvtLtd_SS_2026.pdf,queued
Ghodawat Enterprises,S5 159,BLR,IXX,2026-09-22,T+15,EMB,7,29/03/2026,29/03/2026,Ghodawat EnterprisesPvtLtd_SS_2026.pdf,queued
Ghodawat Enterprises,S5 159,BLR,IXX,2026-10-07,T+30,EMB,7,29/03/2026,29/03/2026,Ghodawat EnterprisesPvtLtd_SS_2026.pdf,queued
Ghodawat Enterprises,S5 159,BLR,IXX,2026-10-22,T+45,EMB,7,29/03/2026,29/03/2026,Ghodawat EnterprisesPvtLtd_SS_2026.pdf,queued
Ghodawat Enterprises,S5 181,BLR,GOX,2026-09-08,T+1,EMB,16,29/03/2026,23/10/2026,Ghodawat EnterprisesPvtLtd_SS_2026.pdf,queued
Ghodawat Enterprises,S5 181,BLR,GOX,2026-09-14,T+7,EMB,16,29/03/2026,23/10/2026,Ghodawat EnterprisesPvtLtd_SS_2026.pdf,queued
Ghodawat Enterprises,S5 181,BLR,GOX,2026-09-22,T+15,EMB,16,29/03/2026,23/10/2026,Ghodawat EnterprisesPvtLtd_SS_2026.pdf,queued
Ghodawat Enterprises,S5 181,BLR,GOX,2026-10-07,T+30,EMB,16,29/03/2026,23/10/2026,Ghodawat EnterprisesPvtLtd_SS_2026.pdf,queued
Ghodawat Enterprises,S5 181,BLR,GOX,2026-10-22,T+45,EMB,16,29/03/2026,23/10/2026,Ghodawat EnterprisesPvtLtd_SS_2026.pdf,queued
Ghodawat Enterprises,S5 183,BLR,NDC,2026-09-08,T+1,EMB,3,31/03/2026,20/10/2026,Ghodawat EnterprisesPvtLtd_SS_2026.pdf,queued
Ghodawat Enterprises,S5 183,BLR,NDC,2026-09-14,T+7,EMB,3,31/03/2026,20/10/2026,Ghodawat EnterprisesPvtLtd_SS_2026.pdf,queued
Ghodawat Enterprises,S5 183,BLR,NDC,2026-09-22,T+15,EMB,3,31/03/2026,20/10/2026,Ghodawat EnterprisesPvtLtd_SS_2026.pdf,queued
Ghodawat Enterprises,S5 183,BLR,NDC,2026-10-07,T+30,EMB,3,31/03/2026,20/10/2026,Ghodawat EnterprisesPvtLtd_SS_2026.pdf,queued
Ghodawat Enterprises,S5 183,BLR,NDC,2026-10-22,T+45,EMB,3,31/03/2026,20/10/2026,Ghodawat EnterprisesPvtLtd_SS_2026.pdf,queued
Ghodawat Enterprises,S5 160,IXX,BLR,2026-09-08,T+1,EMB,1234567,29/03/2026,24/10/2026,Ghodawat EnterprisesPvtLtd_SS_2026.pdf,queued
Ghodawat Enterprises,S5 160,IXX,BLR,2026-09-14,T+7,EMB,1234567,29/03/2026,24/10/2026,Ghodawat EnterprisesPvtLtd_SS_2026.pdf,queued
Ghodawat Enterprises,S5 160,IXX,BLR,2026-09-22,T+15,EMB,1234567,29/03/2026,24/10/2026,Ghodawat EnterprisesPvtLtd_SS_2026.pdf,queued
Ghodawat Enterprises,S5 160,IXX,BLR,2026-10-07,T+30,EMB,1234567,29/03/2026,24/10/2026,Ghodawat EnterprisesPvtLtd_SS_2026.pdf,queued
Ghodawat Enterprises,S5 160,IXX,BLR,2026-10-22,T+45,EMB,1234567,29/03/2026,24/10/2026,Ghodawat EnterprisesPvtLtd_SS_2026.pdf,queued
Ghodawat Enterprises,S5 701,BLR,VDY,2026-09-08,T+1,EMB,1234567,29/03/2026,24/10/2026,Ghodawat EnterprisesPvtLtd_SS_2026.pdf,queued
Ghodawat Enterprises,S5 701,BLR,VDY,2026-09-14,T+7,EMB,1234567,29/03/2026,24/10/2026,Ghodawat EnterprisesPvtLtd_SS_2026.pdf,queued
Ghodawat Enterprises,S5 701,BLR,VDY,2026-09-22,T+15,EMB,1234567,29/03/2026,24/10/2026,Ghodawat EnterprisesPvtLtd_SS_2026.pdf,queued
Ghodawat Enterprises,S5 701,BLR,VDY,2026-10-07,T+30,EMB,1234567,29/03/2026,24/10/2026,Ghodawat EnterprisesPvtLtd_SS_2026.pdf,queued
Ghodawat Enterprises,S5 701,BLR,VDY,2026-10-22,T+45,EMB,1234567,29/03/2026,24/10/2026,Ghodawat EnterprisesPvtLtd_SS_2026.pdf,queued
Ghodawat Enterprises,S5 702,VDY,BLR,2026-09-08,T+1,EMB,2,31/03/2026,20/10/2026,Ghodawat EnterprisesPvtLtd_SS_2026.pdf,queued
Ghodawat Enterprises,S5 702,VDY,BLR,2026-09-14,T+7,EMB,2,31/03/2026,20/10/2026,Ghodawat EnterprisesPvtLtd_SS_2026.pdf,queued
Ghodawat Enterprises,S5 702,VDY,BLR,2026-09-22,T+15,EMB,2,31/03/2026,20/10/2026,Ghodawat EnterprisesPvtLtd_SS_2026.pdf,queued
Ghodawat Enterprises,S5 702,VDY,BLR,2026-10-07,T+30,EMB,2,31/03/2026,20/10/2026,Ghodawat EnterprisesPvtLtd_SS_2026.pdf,queued
Ghodawat Enterprises,S5 702,VDY,BLR,2026-10-22,T+45,EMB,2,31/03/2026,20/10/2026,Ghodawat EnterprisesPvtLtd_SS_2026.pdf,queued
Ghodawat Enterprises,S5 151,BLR,HYD,2026-09-08,T+1,EMB,134567,29/03/2026,24/10/2026,Ghodawat EnterprisesPvtLtd_SS_2026.pdf,queued
Ghodawat Enterprises,S5 151,BLR,HYD,2026-09-14,T+7,EMB,134567,29/03/2026,24/10/2026,Ghodawat EnterprisesPvtLtd_SS_2026.pdf,queued
Ghodawat Enterprises,S5 151,BLR,HYD,2026-09-22,T+15,EMB,134567,29/03/2026,24/10/2026,Ghodawat EnterprisesPvtLtd_SS_2026.pdf,queued
Ghodawat Enterprises,S5 151,BLR,HYD,2026-10-07,T+30,EMB,134567,29/03/2026,24/10/2026,Ghodawat EnterprisesPvtLtd_SS_2026.pdf,queued
Ghodawat Enterprises,S5 151,BLR,HYD,2026-10-22,T+45,EMB,134567,29/03/2026,24/10/2026,Ghodawat EnterprisesPvtLtd_SS_2026.pdf,queued
Ghodawat Enterprises,S5 182,GOX,BLR,2026-09-08,T+1,EMB,6,24/10/2026,24/10/2026,Ghodawat EnterprisesPvtLtd_SS_2026.pdf,queued
Ghodawat Enterprises,S5 182,GOX,BLR,2026-09-14,T+7,EMB,6,24/10/2026,24/10/2026,Ghodawat EnterprisesPvtLtd_SS_2026.pdf,queued
Ghodawat Enterprises,S5 182,GOX,BLR,2026-09-22,T+15,EMB,6,24/10/2026,24/10/2026,Ghodawat EnterprisesPvtLtd_SS_2026.pdf,queued
Ghodawat Enterprises,S5 182,GOX,BLR,2026-10-07,T+30,EMB,6,24/10/2026,24/10/2026,Ghodawat EnterprisesPvtLtd_SS_2026.pdf,queued
Ghodawat Enterprises,S5 182,GOX,BLR,2026-10-22,T+45,EMB,6,24/10/2026,24/10/2026,Ghodawat EnterprisesPvtLtd_SS_2026.pdf,queued
Ghodawat Enterprises,S5 184,NDC,BLR,2026-09-08,T+1,EMB,6,04/04/2026,17/10/2026,Ghodawat EnterprisesPvtLtd_SS_2026.pdf,queued
Ghodawat Enterprises,S5 184,NDC,BLR,2026-09-14,T+7,EMB,6,04/04/2026,17/10/2026,Ghodawat EnterprisesPvtLtd_SS_2026.pdf,queued
Ghodawat Enterprises,S5 184,NDC,BLR,2026-09-22,T+15,EMB,6,04/04/2026,17/10/2026,Ghodawat EnterprisesPvtLtd_SS_2026.pdf,queued
Ghodawat Enterprises,S5 184,NDC,BLR,2026-10-07,T+30,EMB,6,04/04/2026,17/10/2026,Ghodawat EnterprisesPvtLtd_SS_2026.pdf,queued
Ghodawat Enterprises,S5 184,NDC,BLR,2026-10-22,T+45,EMB,6,04/04/2026,17/10/2026,Ghodawat EnterprisesPvtLtd_SS_2026.pdf,queued
Ghodawat Enterprises,S5 156,HYD,BLR,2026-09-08,T+1,EMB,4,02/04/2026,22/10/2026,Ghodawat EnterprisesPvtLtd_SS_2026.pdf,queued
Ghodawat Enterprises,S5 156,HYD,BLR,2026-09-14,T+7,EMB,4,02/04/2026,22/10/2026,Ghodawat EnterprisesPvtLtd_SS_2026.pdf,queued
Ghodawat Enterprises,S5 156,HYD,BLR,2026-09-22,T+15,EMB,4,02/04/2026,22/10/2026,Ghodawat EnterprisesPvtLtd_SS_2026.pdf,queued
Ghodawat Enterprises,S5 156,HYD,BLR,2026-10-07,T+30,EMB,4,02/04/2026,22/10/2026,Ghodawat EnterprisesPvtLtd_SS_2026.pdf,queued
Ghodawat Enterprises,S5 156,HYD,BLR,2026-10-22,T+45,EMB,4,02/04/2026,22/10/2026,Ghodawat EnterprisesPvtLtd_SS_2026.pdf,queued
GSECMonarchandDeccanAviationPrivateLimited,I7 108,IXW,CCU,2026-09-08,T+1,C 208B,1234567,29/03/2026,24/10/2026,GSECMonarchandDeccanAviationPrivateLimited_SS_2026.pdf,queued
GSECMonarchandDeccanAviationPrivateLimited,I7 108,IXW,CCU,2026-09-14,T+7,C 208B,1234567,29/03/2026,24/10/2026,GSECMonarchandDeccanAviationPrivateLimited_SS_2026.pdf,queued
GSECMonarchandDeccanAviationPrivateLimited,I7 108,IXW,CCU,2026-09-22,T+15,C 208B,1234567,29/03/2026,24/10/2026,GSECMonarchandDeccanAviationPrivateLimited_SS_2026.pdf,queued
GSECMonarchandDeccanAviationPrivateLimited,I7 108,IXW,CCU,2026-10-07,T+30,C 208B,1234567,29/03/2026,24/10/2026,GSECMonarchandDeccanAviationPrivateLimited_SS_2026.pdf,queued
GSECMonarchandDeccanAviationPrivateLimited,I7 108,IXW,CCU,2026-10-22,T+45,C 208B,1234567,29/03/2026,24/10/2026,GSECMonarchandDeccanAviationPrivateLimited_SS_2026.pdf,queued
GSECMonarchandDeccanAviationPrivateLimited,I7 109,CCU,COH,2026-09-08,T+1,C 208B,1234567,29/03/2026,24/10/2026,GSECMonarchandDeccanAviationPrivateLimited_SS_2026.pdf,queued
GSECMonarchandDeccanAviationPrivateLimited,I7 109,CCU,COH,2026-09-14,T+7,C 208B,1234567,29/03/2026,24/10/2026,GSECMonarchandDeccanAviationPrivateLimited_SS_2026.pdf,queued
GSECMonarchandDeccanAviationPrivateLimited,I7 109,CCU,COH,2026-09-22,T+15,C 208B,1234567,29/03/2026,24/10/2026,GSECMonarchandDeccanAviationPrivateLimited_SS_2026.pdf,queued
GSECMonarchandDeccanAviationPrivateLimited,I7 109,CCU,COH,2026-10-07,T+30,C 208B,1234567,29/03/2026,24/10/2026,GSECMonarchandDeccanAviationPrivateLimited_SS_2026.pdf,queued
GSECMonarchandDeccanAviationPrivateLimited,I7 109,CCU,COH,2026-10-22,T+45,C 208B,1234567,29/03/2026,24/10/2026,GSECMonarchandDeccanAviationPrivateLimited_SS_2026.pdf,queued
GSECMonarchandDeccanAviationPrivateLimited,I7 209,COH,CCU,2026-09-08,T+1,C 208B,1234567,29/03/2026,24/10/2026,GSECMonarchandDeccanAviationPrivateLimited_SS_2026.pdf,queued
GSECMonarchandDeccanAviationPrivateLimited,I7 209,COH,CCU,2026-09-14,T+7,C 208B,1234567,29/03/2026,24/10/2026,GSECMonarchandDeccanAviationPrivateLimited_SS_2026.pdf,queued
GSECMonarchandDeccanAviationPrivateLimited,I7 209,COH,CCU,2026-09-22,T+15,C 208B,1234567,29/03/2026,24/10/2026,GSECMonarchandDeccanAviationPrivateLimited_SS_2026.pdf,queued
GSECMonarchandDeccanAviationPrivateLimited,I7 209,COH,CCU,2026-10-07,T+30,C 208B,1234567,29/03/2026,24/10/2026,GSECMonarchandDeccanAviationPrivateLimited_SS_2026.pdf,queued
GSECMonarchandDeccanAviationPrivateLimited,I7 209,COH,CCU,2026-10-22,T+45,C 208B,1234567,29/03/2026,24/10/2026,GSECMonarchandDeccanAviationPrivateLimited_SS_2026.pdf,queued
GSECMonarchandDeccanAviationPrivateLimited,I7 208,CCU,IXW,2026-09-08,T+1,C 208B,1234567,29/03/2026,24/10/2026,GSECMonarchandDeccanAviationPrivateLimited_SS_2026.pdf,queued
GSECMonarchandDeccanAviationPrivateLimited,I7 208,CCU,IXW,2026-09-14,T+7,C 208B,1234567,29/03/2026,24/10/2026,GSECMonarchandDeccanAviationPrivateLimited_SS_2026.pdf,queued
GSECMonarchandDeccanAviationPrivateLimited,I7 208,CCU,IXW,2026-09-22,T+15,C 208B,1234567,29/03/2026,24/10/2026,GSECMonarchandDeccanAviationPrivateLimited_SS_2026.pdf,queued
GSECMonarchandDeccanAviationPrivateLimited,I7 208,CCU,IXW,2026-10-07,T+30,C 208B,1234567,29/03/2026,24/10/2026,GSECMonarchandDeccanAviationPrivateLimited_SS_2026.pdf,queued
GSECMonarchandDeccanAviationPrivateLimited,I7 208,CCU,IXW,2026-10-22,T+45,C 208B,1234567,29/03/2026,24/10/2026,GSECMonarchandDeccanAviationPrivateLimited_SS_2026.pdf,queued
INTERGLOBE AVIATION LTD 2026,6E 7419,IXA,CCU,2026-09-08,T+1,ATR 72,1234567,29/03/2026,24/10/2026,INTERGLOBE AVIATION LTD_2026.pdf,queued
INTERGLOBE AVIATION LTD 2026,6E 7419,IXA,CCU,2026-09-14,T+7,ATR 72,1234567,29/03/2026,24/10/2026,INTERGLOBE AVIATION LTD_2026.pdf,queued
INTERGLOBE AVIATION LTD 2026,6E 7419,IXA,CCU,2026-09-22,T+15,ATR 72,1234567,29/03/2026,24/10/2026,INTERGLOBE AVIATION LTD_2026.pdf,queued
INTERGLOBE AVIATION LTD 2026,6E 7419,IXA,CCU,2026-10-07,T+30,ATR 72,1234567,29/03/2026,24/10/2026,INTERGLOBE AVIATION LTD_2026.pdf,queued
INTERGLOBE AVIATION LTD 2026,6E 7419,IXA,CCU,2026-10-22,T+45,ATR 72,1234567,29/03/2026,24/10/2026,INTERGLOBE AVIATION LTD_2026.pdf,queued
INTERGLOBE AVIATION LTD 2026,6E 6746,HYD,IXA,2026-09-08,T+1,A321,1357,29/03/2026,23/10/2026,INTERGLOBE AVIATION LTD_2026.pdf,queued
INTERGLOBE AVIATION LTD 2026,6E 6746,HYD,IXA,2026-09-14,T+7,A321,1357,29/03/2026,23/10/2026,INTERGLOBE AVIATION LTD_2026.pdf,queued
INTERGLOBE AVIATION LTD 2026,6E 6746,HYD,IXA,2026-09-22,T+15,A321,1357,29/03/2026,23/10/2026,INTERGLOBE AVIATION LTD_2026.pdf,queued
INTERGLOBE AVIATION LTD 2026,6E 6746,HYD,IXA,2026-10-07,T+30,A321,1357,29/03/2026,23/10/2026,INTERGLOBE AVIATION LTD_2026.pdf,queued
INTERGLOBE AVIATION LTD 2026,6E 6746,HYD,IXA,2026-10-22,T+45,A321,1357,29/03/2026,23/10/2026,INTERGLOBE AVIATION LTD_2026.pdf,queued
INTERGLOBE AVIATION LTD 2026,6E 6068,CCU,IXA,2026-09-08,T+1,A320N,1234567,29/03/2026,24/10/2026,INTERGLOBE AVIATION LTD_2026.pdf,queued
INTERGLOBE AVIATION LTD 2026,6E 6068,CCU,IXA,2026-09-14,T+7,A320N,1234567,29/03/2026,24/10/2026,INTERGLOBE AVIATION LTD_2026.pdf,queued
INTERGLOBE AVIATION LTD 2026,6E 6068,CCU,IXA,2026-09-22,T+15,A320N,1234567,29/03/2026,24/10/2026,INTERGLOBE AVIATION LTD_2026.pdf,queued
INTERGLOBE AVIATION LTD 2026,6E 6068,CCU,IXA,2026-10-07,T+30,A320N,1234567,29/03/2026,24/10/2026,INTERGLOBE AVIATION LTD_2026.pdf,queued
INTERGLOBE AVIATION LTD 2026,6E 6068,CCU,IXA,2026-10-22,T+45,A320N,1234567,29/03/2026,24/10/2026,INTERGLOBE AVIATION LTD_2026.pdf,queued
INTERGLOBE AVIATION LTD 2026,6E 6747,IXA,HYD,2026-09-08,T+1,A321,1357,29/03/2026,23/10/2026,INTERGLOBE AVIATION LTD_2026.pdf,queued
INTERGLOBE AVIATION LTD 2026,6E 6747,IXA,HYD,2026-09-14,T+7,A321,1357,29/03/2026,23/10/2026,INTERGLOBE AVIATION LTD_2026.pdf,queued
INTERGLOBE AVIATION LTD 2026,6E 6747,IXA,HYD,2026-09-22,T+15,A321,1357,29/03/2026,23/10/2026,INTERGLOBE AVIATION LTD_2026.pdf,queued
INTERGLOBE AVIATION LTD 2026,6E 6747,IXA,HYD,2026-10-07,T+30,A321,1357,29/03/2026,23/10/2026,INTERGLOBE AVIATION LTD_2026.pdf,queued
INTERGLOBE AVIATION LTD 2026,6E 6747,IXA,HYD,2026-10-22,T+45,A321,1357,29/03/2026,23/10/2026,INTERGLOBE AVIATION LTD_2026.pdf,queued
INTERGLOBE AVIATION LTD 2026,6E 491,IXA,CCU,2026-09-08,T+1,A320N,1234567,29/03/2026,24/10/2026,INTERGLOBE AVIATION LTD_2026.pdf,queued
INTERGLOBE AVIATION LTD 2026,6E 491,IXA,CCU,2026-09-14,T+7,A320N,1234567,29/03/2026,24/10/2026,INTERGLOBE AVIATION LTD_2026.pdf,queued
INTERGLOBE AVIATION LTD 2026,6E 491,IXA,CCU,2026-09-22,T+15,A320N,1234567,29/03/2026,24/10/2026,INTERGLOBE AVIATION LTD_2026.pdf,queued
INTERGLOBE AVIATION LTD 2026,6E 491,IXA,CCU,2026-10-07,T+30,A320N,1234567,29/03/2026,24/10/2026,INTERGLOBE AVIATION LTD_2026.pdf,queued
INTERGLOBE AVIATION LTD 2026,6E 491,IXA,CCU,2026-10-22,T+45,A320N,1234567,29/03/2026,24/10/2026,INTERGLOBE AVIATION LTD_2026.pdf,queued
INTERGLOBE AVIATION LTD 2026,6E 6723,GAU,IXA,2026-09-08,T+1,A321,1234567,29/03/2026,24/10/2026,INTERGLOBE AVIATION LTD_2026.pdf,queued
INTERGLOBE AVIATION LTD 2026,6E 6723,GAU,IXA,2026-09-14,T+7,A321,1234567,29/03/2026,24/10/2026,INTERGLOBE AVIATION LTD_2026.pdf,queued
INTERGLOBE AVIATION LTD 2026,6E 6723,GAU,IXA,2026-09-22,T+15,A321,1234567,29/03/2026,24/10/2026,INTERGLOBE AVIATION LTD_2026.pdf,queued
INTERGLOBE AVIATION LTD 2026,6E 6723,GAU,IXA,2026-10-07,T+30,A321,1234567,29/03/2026,24/10/2026,INTERGLOBE AVIATION LTD_2026.pdf,queued
INTERGLOBE AVIATION LTD 2026,6E 6723,GAU,IXA,2026-10-22,T+45,A321,1234567,29/03/2026,24/10/2026,INTERGLOBE AVIATION LTD_2026.pdf,queued
INTERGLOBE AVIATION LTD 2026,6E 6211,DEL,IXA,2026-09-08,T+1,A321,246,31/03/2026,24/10/2026,INTERGLOBE AVIATION LTD_2026.pdf,queued
INTERGLOBE AVIATION LTD 2026,6E 6211,DEL,IXA,2026-09-14,T+7,A321,246,31/03/2026,24/10/2026,INTERGLOBE AVIATION LTD_2026.pdf,queued
INTERGLOBE AVIATION LTD 2026,6E 6211,DEL,IXA,2026-09-22,T+15,A321,246,31/03/2026,24/10/2026,INTERGLOBE AVIATION LTD_2026.pdf,queued
INTERGLOBE AVIATION LTD 2026,6E 6211,DEL,IXA,2026-10-07,T+30,A321,246,31/03/2026,24/10/2026,INTERGLOBE AVIATION LTD_2026.pdf,queued
INTERGLOBE AVIATION LTD 2026,6E 6211,DEL,IXA,2026-10-22,T+45,A321,246,31/03/2026,24/10/2026,INTERGLOBE AVIATION LTD_2026.pdf,queued
INTERGLOBE AVIATION LTD 2026,6E 6412,GAU,IXA,2026-09-08,T+1,A320N,6,04/04/2026,24/10/2026,INTERGLOBE AVIATION LTD_2026.pdf,queued
INTERGLOBE AVIATION LTD 2026,6E 6412,GAU,IXA,2026-09-14,T+7,A320N,6,04/04/2026,24/10/2026,INTERGLOBE AVIATION LTD_2026.pdf,queued
INTERGLOBE AVIATION LTD 2026,6E 6412,GAU,IXA,2026-09-22,T+15,A320N,6,04/04/2026,24/10/2026,INTERGLOBE AVIATION LTD_2026.pdf,queued
INTERGLOBE AVIATION LTD 2026,6E 6412,GAU,IXA,2026-10-07,T+30,A320N,6,04/04/2026,24/10/2026,INTERGLOBE AVIATION LTD_2026.pdf,queued
INTERGLOBE AVIATION LTD 2026,6E 6412,GAU,IXA,2026-10-22,T+45,A320N,6,04/04/2026,24/10/2026,INTERGLOBE AVIATION LTD_2026.pdf,queued
INTERGLOBE AVIATION LTD 2026,6E 6097,IXA,CCU,2026-09-08,T+1,A320N,1234567,29/03/2026,24/10/2026,INTERGLOBE AVIATION LTD_2026.pdf,queued
INTERGLOBE AVIATION LTD 2026,6E 6097,IXA,CCU,2026-09-14,T+7,A320N,1234567,29/03/2026,24/10/2026,INTERGLOBE AVIATION LTD_2026.pdf,queued
INTERGLOBE AVIATION LTD 2026,6E 6097,IXA,CCU,2026-09-22,T+15,A320N,1234567,29/03/2026,24/10/2026,INTERGLOBE AVIATION LTD_2026.pdf,queued
INTERGLOBE AVIATION LTD 2026,6E 6097,IXA,CCU,2026-10-07,T+30,A320N,1234567,29/03/2026,24/10/2026,INTERGLOBE AVIATION LTD_2026.pdf,queued
INTERGLOBE AVIATION LTD 2026,6E 6097,IXA,CCU,2026-10-22,T+45,A320N,1234567,29/03/2026,24/10/2026,INTERGLOBE AVIATION LTD_2026.pdf,queued
INTERGLOBE AVIATION LTD 2026,6E 2516,IXA,CCU,2026-09-08,T+1,A320N,6,04/04/2026,24/10/2026,INTERGLOBE AVIATION LTD_2026.pdf,queued
INTERGLOBE AVIATION LTD 2026,6E 2516,IXA,CCU,2026-09-14,T+7,A320N,6,04/04/2026,24/10/2026,INTERGLOBE AVIATION LTD_2026.pdf,queued
INTERGLOBE AVIATION LTD 2026,6E 2516,IXA,CCU,2026-09-22,T+15,A320N,6,04/04/2026,24/10/2026,INTERGLOBE AVIATION LTD_2026.pdf,queued
INTERGLOBE AVIATION LTD 2026,6E 2516,IXA,CCU,2026-10-07,T+30,A320N,6,04/04/2026,24/10/2026,INTERGLOBE AVIATION LTD_2026.pdf,queued
INTERGLOBE AVIATION LTD 2026,6E 2516,IXA,CCU,2026-10-22,T+45,A320N,6,04/04/2026,24/10/2026,INTERGLOBE AVIATION LTD_2026.pdf,queued
INTERGLOBE AVIATION LTD 2026,6E 524,BLR,IXA,2026-09-08,T+1,A320N,46,02/04/2026,24/10/2026,INTERGLOBE AVIATION LTD_2026.pdf,queued
INTERGLOBE AVIATION LTD 2026,6E 524,BLR,IXA,2026-09-14,T+7,A320N,46,02/04/2026,24/10/2026,INTERGLOBE AVIATION LTD_2026.pdf,queued
INTERGLOBE AVIATION LTD 2026,6E 524,BLR,IXA,2026-09-22,T+15,A320N,46,02/04/2026,24/10/2026,INTERGLOBE AVIATION LTD_2026.pdf,queued
INTERGLOBE AVIATION LTD 2026,6E 524,BLR,IXA,2026-10-07,T+30,A320N,46,02/04/2026,24/10/2026,INTERGLOBE AVIATION LTD_2026.pdf,queued
INTERGLOBE AVIATION LTD 2026,6E 524,BLR,IXA,2026-10-22,T+45,A320N,46,02/04/2026,24/10/2026,INTERGLOBE AVIATION LTD_2026.pdf,queued
INTERGLOBE AVIATION LTD 2026,6E 6383,IXA,DEL,2026-09-08,T+1,A321,246,31/03/2026,24/10/2026,INTERGLOBE AVIATION LTD_2026.pdf,queued
INTERGLOBE AVIATION LTD 2026,6E 6383,IXA,DEL,2026-09-14,T+7,A321,246,31/03/2026,24/10/2026,INTERGLOBE AVIATION LTD_2026.pdf,queued
INTERGLOBE AVIATION LTD 2026,6E 6383,IXA,DEL,2026-09-22,T+15,A321,246,31/03/2026,24/10/2026,INTERGLOBE AVIATION LTD_2026.pdf,queued
INTERGLOBE AVIATION LTD 2026,6E 6383,IXA,DEL,2026-10-07,T+30,A321,246,31/03/2026,24/10/2026,INTERGLOBE AVIATION LTD_2026.pdf,queued
INTERGLOBE AVIATION LTD 2026,6E 6383,IXA,DEL,2026-10-22,T+45,A321,246,31/03/2026,24/10/2026,INTERGLOBE AVIATION LTD_2026.pdf,queued
INTERGLOBE AVIATION LTD 2026,6E 524,IXA,DIB,2026-09-08,T+1,A320N,46,02/04/2026,24/10/2026,INTERGLOBE AVIATION LTD_2026.pdf,queued
INTERGLOBE AVIATION LTD 2026,6E 524,IXA,DIB,2026-09-14,T+7,A320N,46,02/04/2026,24/10/2026,INTERGLOBE AVIATION LTD_2026.pdf,queued
INTERGLOBE AVIATION LTD 2026,6E 524,IXA,DIB,2026-09-22,T+15,A320N,46,02/04/2026,24/10/2026,INTERGLOBE AVIATION LTD_2026.pdf,queued
INTERGLOBE AVIATION LTD 2026,6E 524,IXA,DIB,2026-10-07,T+30,A320N,46,02/04/2026,24/10/2026,INTERGLOBE AVIATION LTD_2026.pdf,queued
INTERGLOBE AVIATION LTD 2026,6E 524,IXA,DIB,2026-10-22,T+45,A320N,46,02/04/2026,24/10/2026,INTERGLOBE AVIATION LTD_2026.pdf,queued
INTERGLOBE AVIATION LTD 2026,6E 524,IXA,IXS,2026-09-08,T+1,A320N,25,31/03/2026,23/10/2026,INTERGLOBE AVIATION LTD_2026.pdf,queued
INTERGLOBE AVIATION LTD 2026,6E 524,IXA,IXS,2026-09-14,T+7,A320N,25,31/03/2026,23/10/2026,INTERGLOBE AVIATION LTD_2026.pdf,queued
INTERGLOBE AVIATION LTD 2026,6E 524,IXA,IXS,2026-09-22,T+15,A320N,25,31/03/2026,23/10/2026,INTERGLOBE AVIATION LTD_2026.pdf,queued
INTERGLOBE AVIATION LTD 2026,6E 524,IXA,IXS,2026-10-07,T+30,A320N,25,31/03/2026,23/10/2026,INTERGLOBE AVIATION LTD_2026.pdf,queued
INTERGLOBE AVIATION LTD 2026,6E 524,IXA,IXS,2026-10-22,T+45,A320N,25,31/03/2026,23/10/2026,INTERGLOBE AVIATION LTD_2026.pdf,queued
INTERGLOBE AVIATION LTD 2026,6E 524,IXA,IMF,2026-09-08,T+1,A320N,137,29/03/2026,21/10/2026,INTERGLOBE AVIATION LTD_2026.pdf,queued
INTERGLOBE AVIATION LTD 2026,6E 524,IXA,IMF,2026-09-14,T+7,A320N,137,29/03/2026,21/10/2026,INTERGLOBE AVIATION LTD_2026.pdf,queued
INTERGLOBE AVIATION LTD 2026,6E 524,IXA,IMF,2026-09-22,T+15,A320N,137,29/03/2026,21/10/2026,INTERGLOBE AVIATION LTD_2026.pdf,queued
INTERGLOBE AVIATION LTD 2026,6E 524,IXA,IMF,2026-10-07,T+30,A320N,137,29/03/2026,21/10/2026,INTERGLOBE AVIATION LTD_2026.pdf,queued
INTERGLOBE AVIATION LTD 2026,6E 524,IXA,IMF,2026-10-22,T+45,A320N,137,29/03/2026,21/10/2026,INTERGLOBE AVIATION LTD_2026.pdf,queued
INTERGLOBE AVIATION LTD 2026,6E 207,CCU,IXA,2026-09-08,T+1,A320N,1234567,29/03/2026,24/10/2026,INTERGLOBE AVIATION LTD_2026.pdf,queued
INTERGLOBE AVIATION LTD 2026,6E 207,CCU,IXA,2026-09-14,T+7,A320N,1234567,29/03/2026,24/10/2026,INTERGLOBE AVIATION LTD_2026.pdf,queued
INTERGLOBE AVIATION LTD 2026,6E 207,CCU,IXA,2026-09-22,T+15,A320N,1234567,29/03/2026,24/10/2026,INTERGLOBE AVIATION LTD_2026.pdf,queued
INTERGLOBE AVIATION LTD 2026,6E 207,CCU,IXA,2026-10-07,T+30,A320N,1234567,29/03/2026,24/10/2026,INTERGLOBE AVIATION LTD_2026.pdf,queued
INTERGLOBE AVIATION LTD 2026,6E 207,CCU,IXA,2026-10-22,T+45,A320N,1234567,29/03/2026,24/10/2026,INTERGLOBE AVIATION LTD_2026.pdf,queued
INTERGLOBE AVIATION LTD 2026,6E 572,CCU,IXA,2026-09-08,T+1,A320N,3,01/04/2026,21/10/2026,INTERGLOBE AVIATION LTD_2026.pdf,queued
INTERGLOBE AVIATION LTD 2026,6E 572,CCU,IXA,2026-09-14,T+7,A320N,3,01/04/2026,21/10/2026,INTERGLOBE AVIATION LTD_2026.pdf,queued
INTERGLOBE AVIATION LTD 2026,6E 572,CCU,IXA,2026-09-22,T+15,A320N,3,01/04/2026,21/10/2026,INTERGLOBE AVIATION LTD_2026.pdf,queued
INTERGLOBE AVIATION LTD 2026,6E 572,CCU,IXA,2026-10-07,T+30,A320N,3,01/04/2026,21/10/2026,INTERGLOBE AVIATION LTD_2026.pdf,queued
INTERGLOBE AVIATION LTD 2026,6E 572,CCU,IXA,2026-10-22,T+45,A320N,3,01/04/2026,21/10/2026,INTERGLOBE AVIATION LTD_2026.pdf,queued
INTERGLOBE AVIATION LTD 2026,6E 394,IXA,CCU,2026-09-08,T+1,A320N,1234567,29/03/2026,24/10/2026,INTERGLOBE AVIATION LTD_2026.pdf,queued
INTERGLOBE AVIATION LTD 2026,6E 394,IXA,CCU,2026-09-14,T+7,A320N,1234567,29/03/2026,24/10/2026,INTERGLOBE AVIATION LTD_2026.pdf,queued
INTERGLOBE AVIATION LTD 2026,6E 394,IXA,CCU,2026-09-22,T+15,A320N,1234567,29/03/2026,24/10/2026,INTERGLOBE AVIATION LTD_2026.pdf,queued
INTERGLOBE AVIATION LTD 2026,6E 394,IXA,CCU,2026-10-07,T+30,A320N,1234567,29/03/2026,24/10/2026,INTERGLOBE AVIATION LTD_2026.pdf,queued
INTERGLOBE AVIATION LTD 2026,6E 394,IXA,CCU,2026-10-22,T+45,A320N,1234567,29/03/2026,24/10/2026,INTERGLOBE AVIATION LTD_2026.pdf,queued
INTERGLOBE AVIATION LTD 2026,6E 6204,IXA,DIB,2026-09-08,T+1,A320N,3,01/04/2026,21/10/2026,INTERGLOBE AVIATION LTD_2026.pdf,queued
INTERGLOBE AVIATION LTD 2026,6E 6204,IXA,DIB,2026-09-14,T+7,A320N,3,01/04/2026,21/10/2026,INTERGLOBE AVIATION LTD_2026.pdf,queued
INTERGLOBE AVIATION LTD 2026,6E 6204,IXA,DIB,2026-09-22,T+15,A320N,3,01/04/2026,21/10/2026,INTERGLOBE AVIATION LTD_2026.pdf,queued
INTERGLOBE AVIATION LTD 2026,6E 6204,IXA,DIB,2026-10-07,T+30,A320N,3,01/04/2026,21/10/2026,INTERGLOBE AVIATION LTD_2026.pdf,queued
INTERGLOBE AVIATION LTD 2026,6E 6204,IXA,DIB,2026-10-22,T+45,A320N,3,01/04/2026,21/10/2026,INTERGLOBE AVIATION LTD_2026.pdf,queued
INTERGLOBE AVIATION LTD 2026,6E 2513,CCU,IXA,2026-09-08,T+1,A320N,6,04/04/2026,24/10/2026,INTERGLOBE AVIATION LTD_2026.pdf,queued
INTERGLOBE AVIATION LTD 2026,6E 2513,CCU,IXA,2026-09-14,T+7,A320N,6,04/04/2026,24/10/2026,INTERGLOBE AVIATION LTD_2026.pdf,queued
INTERGLOBE AVIATION LTD 2026,6E 2513,CCU,IXA,2026-09-22,T+15,A320N,6,04/04/2026,24/10/2026,INTERGLOBE AVIATION LTD_2026.pdf,queued
INTERGLOBE AVIATION LTD 2026,6E 2513,CCU,IXA,2026-10-07,T+30,A320N,6,04/04/2026,24/10/2026,INTERGLOBE AVIATION LTD_2026.pdf,queued
INTERGLOBE AVIATION LTD 2026,6E 2513,CCU,IXA,2026-10-22,T+45,A320N,6,04/04/2026,24/10/2026,INTERGLOBE AVIATION LTD_2026.pdf,queued
INTERGLOBE AVIATION LTD 2026,6E 994,CCU,IXA,2026-09-08,T+1,A321,1234567,29/03/2026,24/10/2026,INTERGLOBE AVIATION LTD_2026.pdf,queued
INTERGLOBE AVIATION LTD 2026,6E 994,CCU,IXA,2026-09-14,T+7,A321,1234567,29/03/2026,24/10/2026,INTERGLOBE AVIATION LTD_2026.pdf,queued
INTERGLOBE AVIATION LTD 2026,6E 994,CCU,IXA,2026-09-22,T+15,A321,1234567,29/03/2026,24/10/2026,INTERGLOBE AVIATION LTD_2026.pdf,queued
INTERGLOBE AVIATION LTD 2026,6E 994,CCU,IXA,2026-10-07,T+30,A321,1234567,29/03/2026,24/10/2026,INTERGLOBE AVIATION LTD_2026.pdf,queued
INTERGLOBE AVIATION LTD 2026,6E 994,CCU,IXA,2026-10-22,T+45,A321,1234567,29/03/2026,24/10/2026,INTERGLOBE AVIATION LTD_2026.pdf,queued
INTERGLOBE AVIATION LTD 2026,6E 6413,IXA,GAU,2026-09-08,T+1,A320N,6,04/04/2026,24/10/2026,INTERGLOBE AVIATION LTD_2026.pdf,queued
INTERGLOBE AVIATION LTD 2026,6E 6413,IXA,GAU,2026-09-14,T+7,A320N,6,04/04/2026,24/10/2026,INTERGLOBE AVIATION LTD_2026.pdf,queued
INTERGLOBE AVIATION LTD 2026,6E 6413,IXA,GAU,2026-09-22,T+15,A320N,6,04/04/2026,24/10/2026,INTERGLOBE AVIATION LTD_2026.pdf,queued
INTERGLOBE AVIATION LTD 2026,6E 6413,IXA,GAU,2026-10-07,T+30,A320N,6,04/04/2026,24/10/2026,INTERGLOBE AVIATION LTD_2026.pdf,queued
INTERGLOBE AVIATION LTD 2026,6E 6413,IXA,GAU,2026-10-22,T+45,A320N,6,04/04/2026,24/10/2026,INTERGLOBE AVIATION LTD_2026.pdf,queued
INTERGLOBE AVIATION LTD 2026,6E 525,IXS,IXA,2026-09-08,T+1,A320N,25,31/03/2026,23/10/2026,INTERGLOBE AVIATION LTD_2026.pdf,queued
INTERGLOBE AVIATION LTD 2026,6E 525,IXS,IXA,2026-09-14,T+7,A320N,25,31/03/2026,23/10/2026,INTERGLOBE AVIATION LTD_2026.pdf,queued
INTERGLOBE AVIATION LTD 2026,6E 525,IXS,IXA,2026-09-22,T+15,A320N,25,31/03/2026,23/10/2026,INTERGLOBE AVIATION LTD_2026.pdf,queued
INTERGLOBE AVIATION LTD 2026,6E 525,IXS,IXA,2026-10-07,T+30,A320N,25,31/03/2026,23/10/2026,INTERGLOBE AVIATION LTD_2026.pdf,queued
INTERGLOBE AVIATION LTD 2026,6E 525,IXS,IXA,2026-10-22,T+45,A320N,25,31/03/2026,23/10/2026,INTERGLOBE AVIATION LTD_2026.pdf,queued
INTERGLOBE AVIATION LTD 2026,6E 525,IMF,IXA,2026-09-08,T+1,A320N,137,29/03/2026,21/10/2026,INTERGLOBE AVIATION LTD_2026.pdf,queued
INTERGLOBE AVIATION LTD 2026,6E 525,IMF,IXA,2026-09-14,T+7,A320N,137,29/03/2026,21/10/2026,INTERGLOBE AVIATION LTD_2026.pdf,queued
INTERGLOBE AVIATION LTD 2026,6E 525,IMF,IXA,2026-09-22,T+15,A320N,137,29/03/2026,21/10/2026,INTERGLOBE AVIATION LTD_2026.pdf,queued
INTERGLOBE AVIATION LTD 2026,6E 525,IMF,IXA,2026-10-07,T+30,A320N,137,29/03/2026,21/10/2026,INTERGLOBE AVIATION LTD_2026.pdf,queued
INTERGLOBE AVIATION LTD 2026,6E 525,IMF,IXA,2026-10-22,T+45,A320N,137,29/03/2026,21/10/2026,INTERGLOBE AVIATION LTD_2026.pdf,queued
INTERGLOBE AVIATION LTD 2026,6E 6724,IXA,GAU,2026-09-08,T+1,A321,1234567,29/03/2026,24/10/2026,INTERGLOBE AVIATION LTD_2026.pdf,queued
INTERGLOBE AVIATION LTD 2026,6E 6724,IXA,GAU,2026-09-14,T+7,A321,1234567,29/03/2026,24/10/2026,INTERGLOBE AVIATION LTD_2026.pdf,queued
INTERGLOBE AVIATION LTD 2026,6E 6724,IXA,GAU,2026-09-22,T+15,A321,1234567,29/03/2026,24/10/2026,INTERGLOBE AVIATION LTD_2026.pdf,queued
INTERGLOBE AVIATION LTD 2026,6E 6724,IXA,GAU,2026-10-07,T+30,A321,1234567,29/03/2026,24/10/2026,INTERGLOBE AVIATION LTD_2026.pdf,queued
INTERGLOBE AVIATION LTD 2026,6E 6724,IXA,GAU,2026-10-22,T+45,A321,1234567,29/03/2026,24/10/2026,INTERGLOBE AVIATION LTD_2026.pdf,queued
INTERGLOBE AVIATION LTD 2026,6E 525,DIB,IXA,2026-09-08,T+1,A320N,46,02/04/2026,24/10/2026,INTERGLOBE AVIATION LTD_2026.pdf,queued
INTERGLOBE AVIATION LTD 2026,6E 525,DIB,IXA,2026-09-14,T+7,A320N,46,02/04/2026,24/10/2026,INTERGLOBE AVIATION LTD_2026.pdf,queued
INTERGLOBE AVIATION LTD 2026,6E 525,DIB,IXA,2026-09-22,T+15,A320N,46,02/04/2026,24/10/2026,INTERGLOBE AVIATION LTD_2026.pdf,queued
INTERGLOBE AVIATION LTD 2026,6E 525,DIB,IXA,2026-10-07,T+30,A320N,46,02/04/2026,24/10/2026,INTERGLOBE AVIATION LTD_2026.pdf,queued
INTERGLOBE AVIATION LTD 2026,6E 525,DIB,IXA,2026-10-22,T+45,A320N,46,02/04/2026,24/10/2026,INTERGLOBE AVIATION LTD_2026.pdf,queued
INTERGLOBE AVIATION LTD 2026,6E 6503,DEL,IXA,2026-09-08,T+1,A320N,1234567,29/03/2026,24/10/2026,INTERGLOBE AVIATION LTD_2026.pdf,queued
INTERGLOBE AVIATION LTD 2026,6E 6503,DEL,IXA,2026-09-14,T+7,A320N,1234567,29/03/2026,24/10/2026,INTERGLOBE AVIATION LTD_2026.pdf,queued
INTERGLOBE AVIATION LTD 2026,6E 6503,DEL,IXA,2026-09-22,T+15,A320N,1234567,29/03/2026,24/10/2026,INTERGLOBE AVIATION LTD_2026.pdf,queued
INTERGLOBE AVIATION LTD 2026,6E 6503,DEL,IXA,2026-10-07,T+30,A320N,1234567,29/03/2026,24/10/2026,INTERGLOBE AVIATION LTD_2026.pdf,queued
INTERGLOBE AVIATION LTD 2026,6E 6503,DEL,IXA,2026-10-22,T+45,A320N,1234567,29/03/2026,24/10/2026,INTERGLOBE AVIATION LTD_2026.pdf,queued
INTERGLOBE AVIATION LTD 2026,6E 525,IXA,BLR,2026-09-08,T+1,A320N,25,31/03/2026,23/10/2026,INTERGLOBE AVIATION LTD_2026.pdf,queued
INTERGLOBE AVIATION LTD 2026,6E 525,IXA,BLR,2026-09-14,T+7,A320N,25,31/03/2026,23/10/2026,INTERGLOBE AVIATION LTD_2026.pdf,queued
INTERGLOBE AVIATION LTD 2026,6E 525,IXA,BLR,2026-09-22,T+15,A320N,25,31/03/2026,23/10/2026,INTERGLOBE AVIATION LTD_2026.pdf,queued
INTERGLOBE AVIATION LTD 2026,6E 525,IXA,BLR,2026-10-07,T+30,A320N,25,31/03/2026,23/10/2026,INTERGLOBE AVIATION LTD_2026.pdf,queued
INTERGLOBE AVIATION LTD 2026,6E 525,IXA,BLR,2026-10-22,T+45,A320N,25,31/03/2026,23/10/2026,INTERGLOBE AVIATION LTD_2026.pdf,queued
INTERGLOBE AVIATION LTD 2026,6E 6504,IXA,DEL,2026-09-08,T+1,A320N,1234567,29/03/2026,24/10/2026,INTERGLOBE AVIATION LTD_2026.pdf,queued
INTERGLOBE AVIATION LTD 2026,6E 6504,IXA,DEL,2026-09-14,T+7,A320N,1234567,29/03/2026,24/10/2026,INTERGLOBE AVIATION LTD_2026.pdf,queued
INTERGLOBE AVIATION LTD 2026,6E 6504,IXA,DEL,2026-09-22,T+15,A320N,1234567,29/03/2026,24/10/2026,INTERGLOBE AVIATION LTD_2026.pdf,queued
INTERGLOBE AVIATION LTD 2026,6E 6504,IXA,DEL,2026-10-07,T+30,A320N,1234567,29/03/2026,24/10/2026,INTERGLOBE AVIATION LTD_2026.pdf,queued
INTERGLOBE AVIATION LTD 2026,6E 6504,IXA,DEL,2026-10-22,T+45,A320N,1234567,29/03/2026,24/10/2026,INTERGLOBE AVIATION LTD_2026.pdf,queued
INTERGLOBE AVIATION LTD 2026,6E 485,CCU,IXA,2026-09-08,T+1,A320N,1234567,29/03/2026,24/10/2026,INTERGLOBE AVIATION LTD_2026.pdf,queued
INTERGLOBE AVIATION LTD 2026,6E 485,CCU,IXA,2026-09-14,T+7,A320N,1234567,29/03/2026,24/10/2026,INTERGLOBE AVIATION LTD_2026.pdf,queued
INTERGLOBE AVIATION LTD 2026,6E 485,CCU,IXA,2026-09-22,T+15,A320N,1234567,29/03/2026,24/10/2026,INTERGLOBE AVIATION LTD_2026.pdf,queued
INTERGLOBE AVIATION LTD 2026,6E 485,CCU,IXA,2026-10-07,T+30,A320N,1234567,29/03/2026,24/10/2026,INTERGLOBE AVIATION LTD_2026.pdf,queued
INTERGLOBE AVIATION LTD 2026,6E 485,CCU,IXA,2026-10-22,T+45,A320N,1234567,29/03/2026,24/10/2026,INTERGLOBE AVIATION LTD_2026.pdf,queued
INTERGLOBE AVIATION LTD 2026,6E 6069,IXA,CCU,2026-09-08,T+1,A320N,1234567,29/03/2026,24/10/2026,INTERGLOBE AVIATION LTD_2026.pdf,queued
INTERGLOBE AVIATION LTD 2026,6E 6069,IXA,CCU,2026-09-14,T+7,A320N,1234567,29/03/2026,24/10/2026,INTERGLOBE AVIATION LTD_2026.pdf,queued
INTERGLOBE AVIATION LTD 2026,6E 6069,IXA,CCU,2026-09-22,T+15,A320N,1234567,29/03/2026,24/10/2026,INTERGLOBE AVIATION LTD_2026.pdf,queued
INTERGLOBE AVIATION LTD 2026,6E 6069,IXA,CCU,2026-10-07,T+30,A320N,1234567,29/03/2026,24/10/2026,INTERGLOBE AVIATION LTD_2026.pdf,queued
INTERGLOBE AVIATION LTD 2026,6E 6069,IXA,CCU,2026-10-22,T+45,A320N,1234567,29/03/2026,24/10/2026,INTERGLOBE AVIATION LTD_2026.pdf,queued
INTERGLOBE AVIATION LTD 2026,6E 6173,CCU,IXA,2026-09-08,T+1,A321,1234567,29/03/2026,24/10/2026,INTERGLOBE AVIATION LTD_2026.pdf,queued
INTERGLOBE AVIATION LTD 2026,6E 6173,CCU,IXA,2026-09-14,T+7,A321,1234567,29/03/2026,24/10/2026,INTERGLOBE AVIATION LTD_2026.pdf,queued
INTERGLOBE AVIATION LTD 2026,6E 6173,CCU,IXA,2026-09-22,T+15,A321,1234567,29/03/2026,24/10/2026,INTERGLOBE AVIATION LTD_2026.pdf,queued
INTERGLOBE AVIATION LTD 2026,6E 6173,CCU,IXA,2026-10-07,T+30,A321,1234567,29/03/2026,24/10/2026,INTERGLOBE AVIATION LTD_2026.pdf,queued
INTERGLOBE AVIATION LTD 2026,6E 6173,CCU,IXA,2026-10-22,T+45,A321,1234567,29/03/2026,24/10/2026,INTERGLOBE AVIATION LTD_2026.pdf,queued
INTERGLOBE AVIATION LTD 2026,6E 6705,IXA,CCU,2026-09-08,T+1,A321,1234567,29/03/2026,24/10/2026,INTERGLOBE AVIATION LTD_2026.pdf,queued
INTERGLOBE AVIATION LTD 2026,6E 6705,IXA,CCU,2026-09-14,T+7,A321,1234567,29/03/2026,24/10/2026,INTERGLOBE AVIATION LTD_2026.pdf,queued
INTERGLOBE AVIATION LTD 2026,6E 6705,IXA,CCU,2026-09-22,T+15,A321,1234567,29/03/2026,24/10/2026,INTERGLOBE AVIATION LTD_2026.pdf,queued
INTERGLOBE AVIATION LTD 2026,6E 6705,IXA,CCU,2026-10-07,T+30,A321,1234567,29/03/2026,24/10/2026,INTERGLOBE AVIATION LTD_2026.pdf,queued
INTERGLOBE AVIATION LTD 2026,6E 6705,IXA,CCU,2026-10-22,T+45,A321,1234567,29/03/2026,24/10/2026,INTERGLOBE AVIATION LTD_2026.pdf,queued
Just Udo Aviation,IC 5301,SDW,BLR,2026-09-08,T+1,ATR 72,1234567,29/03/2026,24/10/2026,JUSTUDOAVIATIONPVTLTD_SS_2026.pdf,queued
Just Udo Aviation,IC 5301,SDW,BLR,2026-09-14,T+7,ATR 72,1234567,29/03/2026,24/10/2026,JUSTUDOAVIATIONPVTLTD_SS_2026.pdf,queued
Just Udo Aviation,IC 5301,SDW,BLR,2026-09-22,T+15,ATR 72,1234567,29/03/2026,24/10/2026,JUSTUDOAVIATIONPVTLTD_SS_2026.pdf,queued
Just Udo Aviation,IC 5301,SDW,BLR,2026-10-07,T+30,ATR 72,1234567,29/03/2026,24/10/2026,JUSTUDOAVIATIONPVTLTD_SS_2026.pdf,queued
Just Udo Aviation,IC 5301,SDW,BLR,2026-10-22,T+45,ATR 72,1234567,29/03/2026,24/10/2026,JUSTUDOAVIATIONPVTLTD_SS_2026.pdf,queued
Just Udo Aviation,IC 5302,BLR,SDW,2026-09-08,T+1,ATR 72,1234567,29/03/2026,24/10/2026,JUSTUDOAVIATIONPVTLTD_SS_2026.pdf,queued
Just Udo Aviation,IC 5302,BLR,SDW,2026-09-14,T+7,ATR 72,1234567,29/03/2026,24/10/2026,JUSTUDOAVIATIONPVTLTD_SS_2026.pdf,queued
Just Udo Aviation,IC 5302,BLR,SDW,2026-09-22,T+15,ATR 72,1234567,29/03/2026,24/10/2026,JUSTUDOAVIATIONPVTLTD_SS_2026.pdf,queued
Just Udo Aviation,IC 5302,BLR,SDW,2026-10-07,T+30,ATR 72,1234567,29/03/2026,24/10/2026,JUSTUDOAVIATIONPVTLTD_SS_2026.pdf,queued
Just Udo Aviation,IC 5302,BLR,SDW,2026-10-22,T+45,ATR 72,1234567,29/03/2026,24/10/2026,JUSTUDOAVIATIONPVTLTD_SS_2026.pdf,queued
Just Udo Aviation,IC 3411,HBX,BLR,2026-09-08,T+1,ATR 72,1234567,05/04/2026,14/04/2026,JUSTUDOAVIATIONPVTLTD_SS_2026.pdf,queued
Just Udo Aviation,IC 3411,HBX,BLR,2026-09-14,T+7,ATR 72,1234567,05/04/2026,14/04/2026,JUSTUDOAVIATIONPVTLTD_SS_2026.pdf,queued
Just Udo Aviation,IC 3411,HBX,BLR,2026-09-22,T+15,ATR 72,1234567,05/04/2026,14/04/2026,JUSTUDOAVIATIONPVTLTD_SS_2026.pdf,queued
Just Udo Aviation,IC 3411,HBX,BLR,2026-10-07,T+30,ATR 72,1234567,05/04/2026,14/04/2026,JUSTUDOAVIATIONPVTLTD_SS_2026.pdf,queued
Just Udo Aviation,IC 3411,HBX,BLR,2026-10-22,T+45,ATR 72,1234567,05/04/2026,14/04/2026,JUSTUDOAVIATIONPVTLTD_SS_2026.pdf,queued
Just Udo Aviation,IC 3412,BLR,HBX,2026-09-08,T+1,ATR 72,1234567,05/04/2026,14/04/2026,JUSTUDOAVIATIONPVTLTD_SS_2026.pdf,queued
Just Udo Aviation,IC 3412,BLR,HBX,2026-09-14,T+7,ATR 72,1234567,05/04/2026,14/04/2026,JUSTUDOAVIATIONPVTLTD_SS_2026.pdf,queued
Just Udo Aviation,IC 3412,BLR,HBX,2026-09-22,T+15,ATR 72,1234567,05/04/2026,14/04/2026,JUSTUDOAVIATIONPVTLTD_SS_2026.pdf,queued
Just Udo Aviation,IC 3412,BLR,HBX,2026-10-07,T+30,ATR 72,1234567,05/04/2026,14/04/2026,JUSTUDOAVIATIONPVTLTD_SS_2026.pdf,queued
Just Udo Aviation,IC 3412,BLR,HBX,2026-10-22,T+45,ATR 72,1234567,05/04/2026,14/04/2026,JUSTUDOAVIATIONPVTLTD_SS_2026.pdf,queued
Just Udo Aviation,IC 2401,GOI,PNQ,2026-09-08,T+1,ATR 72,7,05/04/2026,18/10/2026,JUSTUDOAVIATIONPVTLTD_SS_2026.pdf,queued
Just Udo Aviation,IC 2401,GOI,PNQ,2026-09-14,T+7,ATR 72,7,05/04/2026,18/10/2026,JUSTUDOAVIATIONPVTLTD_SS_2026.pdf,queued
Just Udo Aviation,IC 2401,GOI,PNQ,2026-09-22,T+15,ATR 72,7,05/04/2026,18/10/2026,JUSTUDOAVIATIONPVTLTD_SS_2026.pdf,queued
Just Udo Aviation,IC 2401,GOI,PNQ,2026-10-07,T+30,ATR 72,7,05/04/2026,18/10/2026,JUSTUDOAVIATIONPVTLTD_SS_2026.pdf,queued
Just Udo Aviation,IC 2401,GOI,PNQ,2026-10-22,T+45,ATR 72,7,05/04/2026,18/10/2026,JUSTUDOAVIATIONPVTLTD_SS_2026.pdf,queued
Just Udo Aviation,IC 2402,PNQ,GOI,2026-09-08,T+1,ATR 72,6,04/04/2026,24/10/2026,JUSTUDOAVIATIONPVTLTD_SS_2026.pdf,queued
Just Udo Aviation,IC 2402,PNQ,GOI,2026-09-14,T+7,ATR 72,6,04/04/2026,24/10/2026,JUSTUDOAVIATIONPVTLTD_SS_2026.pdf,queued
Just Udo Aviation,IC 2402,PNQ,GOI,2026-09-22,T+15,ATR 72,6,04/04/2026,24/10/2026,JUSTUDOAVIATIONPVTLTD_SS_2026.pdf,queued
Just Udo Aviation,IC 2402,PNQ,GOI,2026-10-07,T+30,ATR 72,6,04/04/2026,24/10/2026,JUSTUDOAVIATIONPVTLTD_SS_2026.pdf,queued
Just Udo Aviation,IC 2402,PNQ,GOI,2026-10-22,T+45,ATR 72,6,04/04/2026,24/10/2026,JUSTUDOAVIATIONPVTLTD_SS_2026.pdf,queued
Just Udo Aviation,IC 2501,GOI,SSE,2026-09-08,T+1,ATR 72,6,04/04/2026,24/10/2026,JUSTUDOAVIATIONPVTLTD_SS_2026.pdf,queued
Just Udo Aviation,IC 2501,GOI,SSE,2026-09-14,T+7,ATR 72,6,04/04/2026,24/10/2026,JUSTUDOAVIATIONPVTLTD_SS_2026.pdf,queued
Just Udo Aviation,IC 2501,GOI,SSE,2026-09-22,T+15,ATR 72,6,04/04/2026,24/10/2026,JUSTUDOAVIATIONPVTLTD_SS_2026.pdf,queued
Just Udo Aviation,IC 2501,GOI,SSE,2026-10-07,T+30,ATR 72,6,04/04/2026,24/10/2026,JUSTUDOAVIATIONPVTLTD_SS_2026.pdf,queued
Just Udo Aviation,IC 2501,GOI,SSE,2026-10-22,T+45,ATR 72,6,04/04/2026,24/10/2026,JUSTUDOAVIATIONPVTLTD_SS_2026.pdf,queued
Just Udo Aviation,IC 2502,SSE,GOI,2026-09-08,T+1,ATR 72,67,29/03/2026,24/10/2026,JUSTUDOAVIATIONPVTLTD_SS_2026.pdf,queued
Just Udo Aviation,IC 2502,SSE,GOI,2026-09-14,T+7,ATR 72,67,29/03/2026,24/10/2026,JUSTUDOAVIATIONPVTLTD_SS_2026.pdf,queued
Just Udo Aviation,IC 2502,SSE,GOI,2026-09-22,T+15,ATR 72,67,29/03/2026,24/10/2026,JUSTUDOAVIATIONPVTLTD_SS_2026.pdf,queued
Just Udo Aviation,IC 2502,SSE,GOI,2026-10-07,T+30,ATR 72,67,29/03/2026,24/10/2026,JUSTUDOAVIATIONPVTLTD_SS_2026.pdf,queued
Just Udo Aviation,IC 2502,SSE,GOI,2026-10-22,T+45,ATR 72,67,29/03/2026,24/10/2026,JUSTUDOAVIATIONPVTLTD_SS_2026.pdf,queued
Just Udo Aviation,IC 2403,GOI,PNQ,2026-09-08,T+1,ATR 72,67,29/03/2026,24/10/2026,JUSTUDOAVIATIONPVTLTD_SS_2026.pdf,queued
Just Udo Aviation,IC 2403,GOI,PNQ,2026-09-14,T+7,ATR 72,67,29/03/2026,24/10/2026,JUSTUDOAVIATIONPVTLTD_SS_2026.pdf,queued
Just Udo Aviation,IC 2403,GOI,PNQ,2026-09-22,T+15,ATR 72,67,29/03/2026,24/10/2026,JUSTUDOAVIATIONPVTLTD_SS_2026.pdf,queued
Just Udo Aviation,IC 2403,GOI,PNQ,2026-10-07,T+30,ATR 72,67,29/03/2026,24/10/2026,JUSTUDOAVIATIONPVTLTD_SS_2026.pdf,queued
Just Udo Aviation,IC 2403,GOI,PNQ,2026-10-22,T+45,ATR 72,67,29/03/2026,24/10/2026,JUSTUDOAVIATIONPVTLTD_SS_2026.pdf,queued
Just Udo Aviation,IC 2404,PNQ,GOI,2026-09-08,T+1,ATR 72,7,29/03/2026,18/10/2026,JUSTUDOAVIATIONPVTLTD_SS_2026.pdf,queued
Just Udo Aviation,IC 2404,PNQ,GOI,2026-09-14,T+7,ATR 72,7,29/03/2026,18/10/2026,JUSTUDOAVIATIONPVTLTD_SS_2026.pdf,queued
Just Udo Aviation,IC 2404,PNQ,GOI,2026-09-22,T+15,ATR 72,7,29/03/2026,18/10/2026,JUSTUDOAVIATIONPVTLTD_SS_2026.pdf,queued
Just Udo Aviation,IC 2404,PNQ,GOI,2026-10-07,T+30,ATR 72,7,29/03/2026,18/10/2026,JUSTUDOAVIATIONPVTLTD_SS_2026.pdf,queued
Just Udo Aviation,IC 2404,PNQ,GOI,2026-10-22,T+45,ATR 72,7,29/03/2026,18/10/2026,JUSTUDOAVIATIONPVTLTD_SS_2026.pdf,queued
Just Udo Aviation,IC 5102,GOX,AGX,2026-09-08,T+1,ATR 72,123457,30/03/2026,23/10/2026,JUSTUDOAVIATIONPVTLTD_SS_2026.pdf,queued
Just Udo Aviation,IC 5102,GOX,AGX,2026-09-14,T+7,ATR 72,123457,30/03/2026,23/10/2026,JUSTUDOAVIATIONPVTLTD_SS_2026.pdf,queued
Just Udo Aviation,IC 5102,GOX,AGX,2026-09-22,T+15,ATR 72,123457,30/03/2026,23/10/2026,JUSTUDOAVIATIONPVTLTD_SS_2026.pdf,queued
Just Udo Aviation,IC 5102,GOX,AGX,2026-10-07,T+30,ATR 72,123457,30/03/2026,23/10/2026,JUSTUDOAVIATIONPVTLTD_SS_2026.pdf,queued
Just Udo Aviation,IC 5102,GOX,AGX,2026-10-22,T+45,ATR 72,123457,30/03/2026,23/10/2026,JUSTUDOAVIATIONPVTLTD_SS_2026.pdf,queued
Just Udo Aviation,IC 5101,AGX,GOX,2026-09-08,T+1,ATR 72,124567,29/03/2026,24/10/2026,JUSTUDOAVIATIONPVTLTD_SS_2026.pdf,queued
Just Udo Aviation,IC 5101,AGX,GOX,2026-09-14,T+7,ATR 72,124567,29/03/2026,24/10/2026,JUSTUDOAVIATIONPVTLTD_SS_2026.pdf,queued
Just Udo Aviation,IC 5101,AGX,GOX,2026-09-22,T+15,ATR 72,124567,29/03/2026,24/10/2026,JUSTUDOAVIATIONPVTLTD_SS_2026.pdf,queued
Just Udo Aviation,IC 5101,AGX,GOX,2026-10-07,T+30,ATR 72,124567,29/03/2026,24/10/2026,JUSTUDOAVIATIONPVTLTD_SS_2026.pdf,queued
Just Udo Aviation,IC 5101,AGX,GOX,2026-10-22,T+45,ATR 72,124567,29/03/2026,24/10/2026,JUSTUDOAVIATIONPVTLTD_SS_2026.pdf,queued
Just Udo Aviation,IC 5202,GOX,JLG,2026-09-08,T+1,ATR 72,124567,29/03/2026,24/10/2026,JUSTUDOAVIATIONPVTLTD_SS_2026.pdf,queued
Just Udo Aviation,IC 5202,GOX,JLG,2026-09-14,T+7,ATR 72,124567,29/03/2026,24/10/2026,JUSTUDOAVIATIONPVTLTD_SS_2026.pdf,queued
Just Udo Aviation,IC 5202,GOX,JLG,2026-09-22,T+15,ATR 72,124567,29/03/2026,24/10/2026,JUSTUDOAVIATIONPVTLTD_SS_2026.pdf,queued
Just Udo Aviation,IC 5202,GOX,JLG,2026-10-07,T+30,ATR 72,124567,29/03/2026,24/10/2026,JUSTUDOAVIATIONPVTLTD_SS_2026.pdf,queued
Just Udo Aviation,IC 5202,GOX,JLG,2026-10-22,T+45,ATR 72,124567,29/03/2026,24/10/2026,JUSTUDOAVIATIONPVTLTD_SS_2026.pdf,queued
Just Udo Aviation,IC 5201,JLG,GOX,2026-09-08,T+1,ATR 72,123467,29/03/2026,22/10/2026,JUSTUDOAVIATIONPVTLTD_SS_2026.pdf,queued
Just Udo Aviation,IC 5201,JLG,GOX,2026-09-14,T+7,ATR 72,123467,29/03/2026,22/10/2026,JUSTUDOAVIATIONPVTLTD_SS_2026.pdf,queued
Just Udo Aviation,IC 5201,JLG,GOX,2026-09-22,T+15,ATR 72,123467,29/03/2026,22/10/2026,JUSTUDOAVIATIONPVTLTD_SS_2026.pdf,queued
Just Udo Aviation,IC 5201,JLG,GOX,2026-10-07,T+30,ATR 72,123467,29/03/2026,22/10/2026,JUSTUDOAVIATIONPVTLTD_SS_2026.pdf,queued
Just Udo Aviation,IC 5201,JLG,GOX,2026-10-22,T+45,ATR 72,123467,29/03/2026,22/10/2026,JUSTUDOAVIATIONPVTLTD_SS_2026.pdf,queued
Just Udo Aviation,IC 1302,HYD,GOX,2026-09-08,T+1,ATR 72,1234567,29/03/2026,24/10/2026,JUSTUDOAVIATIONPVTLTD_SS_2026.pdf,queued
Just Udo Aviation,IC 1302,HYD,GOX,2026-09-14,T+7,ATR 72,1234567,29/03/2026,24/10/2026,JUSTUDOAVIATIONPVTLTD_SS_2026.pdf,queued
Just Udo Aviation,IC 1302,HYD,GOX,2026-09-22,T+15,ATR 72,1234567,29/03/2026,24/10/2026,JUSTUDOAVIATIONPVTLTD_SS_2026.pdf,queued
Just Udo Aviation,IC 1302,HYD,GOX,2026-10-07,T+30,ATR 72,1234567,29/03/2026,24/10/2026,JUSTUDOAVIATIONPVTLTD_SS_2026.pdf,queued
Just Udo Aviation,IC 1302,HYD,GOX,2026-10-22,T+45,ATR 72,1234567,29/03/2026,24/10/2026,JUSTUDOAVIATIONPVTLTD_SS_2026.pdf,queued
Just Udo Aviation,IC 1301,GOX,HYD,2026-09-08,T+1,ATR 72,1234567,29/03/2026,24/10/2026,JUSTUDOAVIATIONPVTLTD_SS_2026.pdf,queued
Just Udo Aviation,IC 1301,GOX,HYD,2026-09-14,T+7,ATR 72,1234567,29/03/2026,24/10/2026,JUSTUDOAVIATIONPVTLTD_SS_2026.pdf,queued
Just Udo Aviation,IC 1301,GOX,HYD,2026-09-22,T+15,ATR 72,1234567,29/03/2026,24/10/2026,JUSTUDOAVIATIONPVTLTD_SS_2026.pdf,queued
Just Udo Aviation,IC 1301,GOX,HYD,2026-10-07,T+30,ATR 72,1234567,29/03/2026,24/10/2026,JUSTUDOAVIATIONPVTLTD_SS_2026.pdf,queued
Just Udo Aviation,IC 1301,GOX,HYD,2026-10-22,T+45,ATR 72,1234567,29/03/2026,24/10/2026,JUSTUDOAVIATIONPVTLTD_SS_2026.pdf,queued
Just Udo Aviation,IC 3401,HYD,HBX,2026-09-08,T+1,ATR 72,1234567,29/03/2026,24/10/2026,JUSTUDOAVIATIONPVTLTD_SS_2026.pdf,queued
Just Udo Aviation,IC 3401,HYD,HBX,2026-09-14,T+7,ATR 72,1234567,29/03/2026,24/10/2026,JUSTUDOAVIATIONPVTLTD_SS_2026.pdf,queued
Just Udo Aviation,IC 3401,HYD,HBX,2026-09-22,T+15,ATR 72,1234567,29/03/2026,24/10/2026,JUSTUDOAVIATIONPVTLTD_SS_2026.pdf,queued
Just Udo Aviation,IC 3401,HYD,HBX,2026-10-07,T+30,ATR 72,1234567,29/03/2026,24/10/2026,JUSTUDOAVIATIONPVTLTD_SS_2026.pdf,queued
Just Udo Aviation,IC 3401,HYD,HBX,2026-10-22,T+45,ATR 72,1234567,29/03/2026,24/10/2026,JUSTUDOAVIATIONPVTLTD_SS_2026.pdf,queued
Just Udo Aviation,IC 3402,HBX,HYD,2026-09-08,T+1,ATR 72,1234567,29/03/2026,24/10/2026,JUSTUDOAVIATIONPVTLTD_SS_2026.pdf,queued
Just Udo Aviation,IC 3402,HBX,HYD,2026-09-14,T+7,ATR 72,1234567,29/03/2026,24/10/2026,JUSTUDOAVIATIONPVTLTD_SS_2026.pdf,queued
Just Udo Aviation,IC 3402,HBX,HYD,2026-09-22,T+15,ATR 72,1234567,29/03/2026,24/10/2026,JUSTUDOAVIATIONPVTLTD_SS_2026.pdf,queued
Just Udo Aviation,IC 3402,HBX,HYD,2026-10-07,T+30,ATR 72,1234567,29/03/2026,24/10/2026,JUSTUDOAVIATIONPVTLTD_SS_2026.pdf,queued
Just Udo Aviation,IC 3402,HBX,HYD,2026-10-22,T+45,ATR 72,1234567,29/03/2026,24/10/2026,JUSTUDOAVIATIONPVTLTD_SS_2026.pdf,queued
Akasa Air,QP 1323,GAU,IXA,2026-09-08,T+1,B737- 8MAX,14,29/03/2026,24/10/2026,SNVAviation Private Limited_SS_2026.pdf,queued
Akasa Air,QP 1323,GAU,IXA,2026-09-14,T+7,B737- 8MAX,14,29/03/2026,24/10/2026,SNVAviation Private Limited_SS_2026.pdf,queued
Akasa Air,QP 1323,GAU,IXA,2026-09-22,T+15,B737- 8MAX,14,29/03/2026,24/10/2026,SNVAviation Private Limited_SS_2026.pdf,queued
Akasa Air,QP 1323,GAU,IXA,2026-10-07,T+30,B737- 8MAX,14,29/03/2026,24/10/2026,SNVAviation Private Limited_SS_2026.pdf,queued
Akasa Air,QP 1323,GAU,IXA,2026-10-22,T+45,B737- 8MAX,14,29/03/2026,24/10/2026,SNVAviation Private Limited_SS_2026.pdf,queued
Akasa Air,QP 1324,IXA,GAU,2026-09-08,T+1,B737- 8MAX,3,01/04/2026,21/10/2026,SNVAviation Private Limited_SS_2026.pdf,queued
Akasa Air,QP 1324,IXA,GAU,2026-09-14,T+7,B737- 8MAX,3,01/04/2026,21/10/2026,SNVAviation Private Limited_SS_2026.pdf,queued
Akasa Air,QP 1324,IXA,GAU,2026-09-22,T+15,B737- 8MAX,3,01/04/2026,21/10/2026,SNVAviation Private Limited_SS_2026.pdf,queued
Akasa Air,QP 1324,IXA,GAU,2026-10-07,T+30,B737- 8MAX,3,01/04/2026,21/10/2026,SNVAviation Private Limited_SS_2026.pdf,queued
Akasa Air,QP 1324,IXA,GAU,2026-10-22,T+45,B737- 8MAX,3,01/04/2026,21/10/2026,SNVAviation Private Limited_SS_2026.pdf,queued
Akasa Air,QP 1918,PNQ,AMD,2026-09-08,T+1,B737- 8MAX,1234567,30/03/2026,24/10/2026,SNVAviation Private Limited_SS_2026.pdf,queued
Akasa Air,QP 1918,PNQ,AMD,2026-09-14,T+7,B737- 8MAX,1234567,30/03/2026,24/10/2026,SNVAviation Private Limited_SS_2026.pdf,queued
Akasa Air,QP 1918,PNQ,AMD,2026-09-22,T+15,B737- 8MAX,1234567,30/03/2026,24/10/2026,SNVAviation Private Limited_SS_2026.pdf,queued
Akasa Air,QP 1918,PNQ,AMD,2026-10-07,T+30,B737- 8MAX,1234567,30/03/2026,24/10/2026,SNVAviation Private Limited_SS_2026.pdf,queued
Akasa Air,QP 1918,PNQ,AMD,2026-10-22,T+45,B737- 8MAX,1234567,30/03/2026,24/10/2026,SNVAviation Private Limited_SS_2026.pdf,queued
Akasa Air,QP 1194,AMD,BOM,2026-09-08,T+1,B737- 8MAX,157,29/03/2026,23/10/2026,SNVAviation Private Limited_SS_2026.pdf,queued
Akasa Air,QP 1194,AMD,BOM,2026-09-14,T+7,B737- 8MAX,157,29/03/2026,23/10/2026,SNVAviation Private Limited_SS_2026.pdf,queued
Akasa Air,QP 1194,AMD,BOM,2026-09-22,T+15,B737- 8MAX,157,29/03/2026,23/10/2026,SNVAviation Private Limited_SS_2026.pdf,queued
Akasa Air,QP 1194,AMD,BOM,2026-10-07,T+30,B737- 8MAX,157,29/03/2026,23/10/2026,SNVAviation Private Limited_SS_2026.pdf,queued
Akasa Air,QP 1194,AMD,BOM,2026-10-22,T+45,B737- 8MAX,157,29/03/2026,23/10/2026,SNVAviation Private Limited_SS_2026.pdf,queued
Akasa Air,QP 1901,AMD,BLR,2026-09-08,T+1,B737- 8MAX,1234567,29/03/2026,24/10/2026,SNVAviation Private Limited_SS_2026.pdf,queued
Akasa Air,QP 1901,AMD,BLR,2026-09-14,T+7,B737- 8MAX,1234567,29/03/2026,24/10/2026,SNVAviation Private Limited_SS_2026.pdf,queued
Akasa Air,QP 1901,AMD,BLR,2026-09-22,T+15,B737- 8MAX,1234567,29/03/2026,24/10/2026,SNVAviation Private Limited_SS_2026.pdf,queued
Akasa Air,QP 1901,AMD,BLR,2026-10-07,T+30,B737- 8MAX,1234567,29/03/2026,24/10/2026,SNVAviation Private Limited_SS_2026.pdf,queued
Akasa Air,QP 1901,AMD,BLR,2026-10-22,T+45,B737- 8MAX,1234567,29/03/2026,24/10/2026,SNVAviation Private Limited_SS_2026.pdf,queued
Akasa Air,QP 1925,AMD,CCU,2026-09-08,T+1,B737- 8MAX,1356,30/03/2026,24/10/2026,SNVAviation Private Limited_SS_2026.pdf,queued
Akasa Air,QP 1925,AMD,CCU,2026-09-14,T+7,B737- 8MAX,1356,30/03/2026,24/10/2026,SNVAviation Private Limited_SS_2026.pdf,queued
Akasa Air,QP 1925,AMD,CCU,2026-09-22,T+15,B737- 8MAX,1356,30/03/2026,24/10/2026,SNVAviation Private Limited_SS_2026.pdf,queued
Akasa Air,QP 1925,AMD,CCU,2026-10-07,T+30,B737- 8MAX,1356,30/03/2026,24/10/2026,SNVAviation Private Limited_SS_2026.pdf,queued
Akasa Air,QP 1925,AMD,CCU,2026-10-22,T+45,B737- 8MAX,1356,30/03/2026,24/10/2026,SNVAviation Private Limited_SS_2026.pdf,queued
Akasa Air,QP 1911,AMD,PNQ,2026-09-08,T+1,B737- 8MAX,1234567,29/03/2026,24/10/2026,SNVAviation Private Limited_SS_2026.pdf,queued
Akasa Air,QP 1911,AMD,PNQ,2026-09-14,T+7,B737- 8MAX,1234567,29/03/2026,24/10/2026,SNVAviation Private Limited_SS_2026.pdf,queued
Akasa Air,QP 1911,AMD,PNQ,2026-09-22,T+15,B737- 8MAX,1234567,29/03/2026,24/10/2026,SNVAviation Private Limited_SS_2026.pdf,queued
Akasa Air,QP 1911,AMD,PNQ,2026-10-07,T+30,B737- 8MAX,1234567,29/03/2026,24/10/2026,SNVAviation Private Limited_SS_2026.pdf,queued
Akasa Air,QP 1911,AMD,PNQ,2026-10-22,T+45,B737- 8MAX,1234567,29/03/2026,24/10/2026,SNVAviation Private Limited_SS_2026.pdf,queued
Akasa Air,QP 1902,BLR,AMD,2026-09-08,T+1,B737- 8MAX,3,01/04/2026,21/10/2026,SNVAviation Private Limited_SS_2026.pdf,queued
Akasa Air,QP 1902,BLR,AMD,2026-09-14,T+7,B737- 8MAX,3,01/04/2026,21/10/2026,SNVAviation Private Limited_SS_2026.pdf,queued
Akasa Air,QP 1902,BLR,AMD,2026-09-22,T+15,B737- 8MAX,3,01/04/2026,21/10/2026,SNVAviation Private Limited_SS_2026.pdf,queued
Akasa Air,QP 1902,BLR,AMD,2026-10-07,T+30,B737- 8MAX,3,01/04/2026,21/10/2026,SNVAviation Private Limited_SS_2026.pdf,queued
Akasa Air,QP 1902,BLR,AMD,2026-10-22,T+45,B737- 8MAX,3,01/04/2026,21/10/2026,SNVAviation Private Limited_SS_2026.pdf,queued
Akasa Air,QP 1805,DEL,AMD,2026-09-08,T+1,B737- 8MAX,6,04/04/2026,24/10/2026,SNVAviation Private Limited_SS_2026.pdf,queued
Akasa Air,QP 1805,DEL,AMD,2026-09-14,T+7,B737- 8MAX,6,04/04/2026,24/10/2026,SNVAviation Private Limited_SS_2026.pdf,queued
Akasa Air,QP 1805,DEL,AMD,2026-09-22,T+15,B737- 8MAX,6,04/04/2026,24/10/2026,SNVAviation Private Limited_SS_2026.pdf,queued
Akasa Air,QP 1805,DEL,AMD,2026-10-07,T+30,B737- 8MAX,6,04/04/2026,24/10/2026,SNVAviation Private Limited_SS_2026.pdf,queued
Akasa Air,QP 1805,DEL,AMD,2026-10-22,T+45,B737- 8MAX,6,04/04/2026,24/10/2026,SNVAviation Private Limited_SS_2026.pdf,queued
Akasa Air,QP 1319,AMD,MAA,2026-09-08,T+1,B737- 8MAX,3,01/04/2026,21/10/2026,SNVAviation Private Limited_SS_2026.pdf,queued
Akasa Air,QP 1319,AMD,MAA,2026-09-14,T+7,B737- 8MAX,3,01/04/2026,21/10/2026,SNVAviation Private Limited_SS_2026.pdf,queued
Akasa Air,QP 1319,AMD,MAA,2026-09-22,T+15,B737- 8MAX,3,01/04/2026,21/10/2026,SNVAviation Private Limited_SS_2026.pdf,queued
Akasa Air,QP 1319,AMD,MAA,2026-10-07,T+30,B737- 8MAX,3,01/04/2026,21/10/2026,SNVAviation Private Limited_SS_2026.pdf,queued
Akasa Air,QP 1319,AMD,MAA,2026-10-22,T+45,B737- 8MAX,3,01/04/2026,21/10/2026,SNVAviation Private Limited_SS_2026.pdf,queued
Akasa Air,QP 1903,AMD,IXB,2026-09-08,T+1,B737- 8MAX,3,01/04/2026,21/10/2026,SNVAviation Private Limited_SS_2026.pdf,queued
Akasa Air,QP 1903,AMD,IXB,2026-09-14,T+7,B737- 8MAX,3,01/04/2026,21/10/2026,SNVAviation Private Limited_SS_2026.pdf,queued
Akasa Air,QP 1903,AMD,IXB,2026-09-22,T+15,B737- 8MAX,3,01/04/2026,21/10/2026,SNVAviation Private Limited_SS_2026.pdf,queued
Akasa Air,QP 1903,AMD,IXB,2026-10-07,T+30,B737- 8MAX,3,01/04/2026,21/10/2026,SNVAviation Private Limited_SS_2026.pdf,queued
Akasa Air,QP 1903,AMD,IXB,2026-10-22,T+45,B737- 8MAX,3,01/04/2026,21/10/2026,SNVAviation Private Limited_SS_2026.pdf,queued
Akasa Air,QP 1903,AMD,BLR,2026-09-08,T+1,B737- 8MAX,2,31/03/2026,20/10/2026,SNVAviation Private Limited_SS_2026.pdf,queued
Akasa Air,QP 1903,AMD,BLR,2026-09-14,T+7,B737- 8MAX,2,31/03/2026,20/10/2026,SNVAviation Private Limited_SS_2026.pdf,queued
Akasa Air,QP 1903,AMD,BLR,2026-09-22,T+15,B737- 8MAX,2,31/03/2026,20/10/2026,SNVAviation Private Limited_SS_2026.pdf,queued
Akasa Air,QP 1903,AMD,BLR,2026-10-07,T+30,B737- 8MAX,2,31/03/2026,20/10/2026,SNVAviation Private Limited_SS_2026.pdf,queued
Akasa Air,QP 1903,AMD,BLR,2026-10-22,T+45,B737- 8MAX,2,31/03/2026,20/10/2026,SNVAviation Private Limited_SS_2026.pdf,queued
Akasa Air,QP 1806,AMD,DEL,2026-09-08,T+1,B737- 8MAX,6,04/04/2026,24/10/2026,SNVAviation Private Limited_SS_2026.pdf,queued
Akasa Air,QP 1806,AMD,DEL,2026-09-14,T+7,B737- 8MAX,6,04/04/2026,24/10/2026,SNVAviation Private Limited_SS_2026.pdf,queued
Akasa Air,QP 1806,AMD,DEL,2026-09-22,T+15,B737- 8MAX,6,04/04/2026,24/10/2026,SNVAviation Private Limited_SS_2026.pdf,queued
Akasa Air,QP 1806,AMD,DEL,2026-10-07,T+30,B737- 8MAX,6,04/04/2026,24/10/2026,SNVAviation Private Limited_SS_2026.pdf,queued
Akasa Air,QP 1806,AMD,DEL,2026-10-22,T+45,B737- 8MAX,6,04/04/2026,24/10/2026,SNVAviation Private Limited_SS_2026.pdf,queued
Akasa Air,QP 1926,CCU,AMD,2026-09-08,T+1,B737- 8MAX,1356,30/03/2026,24/10/2026,SNVAviation Private Limited_SS_2026.pdf,queued
Akasa Air,QP 1926,CCU,AMD,2026-09-14,T+7,B737- 8MAX,1356,30/03/2026,24/10/2026,SNVAviation Private Limited_SS_2026.pdf,queued
Akasa Air,QP 1926,CCU,AMD,2026-09-22,T+15,B737- 8MAX,1356,30/03/2026,24/10/2026,SNVAviation Private Limited_SS_2026.pdf,queued
Akasa Air,QP 1926,CCU,AMD,2026-10-07,T+30,B737- 8MAX,1356,30/03/2026,24/10/2026,SNVAviation Private Limited_SS_2026.pdf,queued
Akasa Air,QP 1926,CCU,AMD,2026-10-22,T+45,B737- 8MAX,1356,30/03/2026,24/10/2026,SNVAviation Private Limited_SS_2026.pdf,queued
SpiceJet,SG 442,CCU,AMD,2026-09-08,T+1,B737,1234567,29/03/2026,24/10/2026,SpiceJet_SS_2026.pdf,queued
SpiceJet,SG 442,CCU,AMD,2026-09-14,T+7,B737,1234567,29/03/2026,24/10/2026,SpiceJet_SS_2026.pdf,queued
SpiceJet,SG 442,CCU,AMD,2026-09-22,T+15,B737,1234567,29/03/2026,24/10/2026,SpiceJet_SS_2026.pdf,queued
SpiceJet,SG 442,CCU,AMD,2026-10-07,T+30,B737,1234567,29/03/2026,24/10/2026,SpiceJet_SS_2026.pdf,queued
SpiceJet,SG 442,CCU,AMD,2026-10-22,T+45,B737,1234567,29/03/2026,24/10/2026,SpiceJet_SS_2026.pdf,queued
SpiceJet,SG 491,AMD,CCU,2026-09-08,T+1,B737,1234567,29/03/2026,24/10/2026,SpiceJet_SS_2026.pdf,queued
SpiceJet,SG 491,AMD,CCU,2026-09-14,T+7,B737,1234567,29/03/2026,24/10/2026,SpiceJet_SS_2026.pdf,queued
SpiceJet,SG 491,AMD,CCU,2026-09-22,T+15,B737,1234567,29/03/2026,24/10/2026,SpiceJet_SS_2026.pdf,queued
SpiceJet,SG 491,AMD,CCU,2026-10-07,T+30,B737,1234567,29/03/2026,24/10/2026,SpiceJet_SS_2026.pdf,queued
SpiceJet,SG 491,AMD,CCU,2026-10-22,T+45,B737,1234567,29/03/2026,24/10/2026,SpiceJet_SS_2026.pdf,queued
SpiceJet,SG 763,AMD,BLR,2026-09-08,T+1,B737,1234567,29/03/2026,24/10/2026,SpiceJet_SS_2026.pdf,queued
SpiceJet,SG 763,AMD,BLR,2026-09-14,T+7,B737,1234567,29/03/2026,24/10/2026,SpiceJet_SS_2026.pdf,queued
SpiceJet,SG 763,AMD,BLR,2026-09-22,T+15,B737,1234567,29/03/2026,24/10/2026,SpiceJet_SS_2026.pdf,queued
SpiceJet,SG 763,AMD,BLR,2026-10-07,T+30,B737,1234567,29/03/2026,24/10/2026,SpiceJet_SS_2026.pdf,queued
SpiceJet,SG 763,AMD,BLR,2026-10-22,T+45,B737,1234567,29/03/2026,24/10/2026,SpiceJet_SS_2026.pdf,queued
SpiceJet,SG 611,AMD,MAA,2026-09-08,T+1,B737,1234567,29/03/2026,23/10/2026,SpiceJet_SS_2026.pdf,queued
SpiceJet,SG 611,AMD,MAA,2026-09-14,T+7,B737,1234567,29/03/2026,23/10/2026,SpiceJet_SS_2026.pdf,queued
SpiceJet,SG 611,AMD,MAA,2026-09-22,T+15,B737,1234567,29/03/2026,23/10/2026,SpiceJet_SS_2026.pdf,queued
SpiceJet,SG 611,AMD,MAA,2026-10-07,T+30,B737,1234567,29/03/2026,23/10/2026,SpiceJet_SS_2026.pdf,queued
SpiceJet,SG 611,AMD,MAA,2026-10-22,T+45,B737,1234567,29/03/2026,23/10/2026,SpiceJet_SS_2026.pdf,queued
SpiceJet,SG 194,AMD,DEL,2026-09-08,T+1,B737,1234567,29/03/2026,23/10/2026,SpiceJet_SS_2026.pdf,queued
SpiceJet,SG 194,AMD,DEL,2026-09-14,T+7,B737,1234567,29/03/2026,23/10/2026,SpiceJet_SS_2026.pdf,queued
SpiceJet,SG 194,AMD,DEL,2026-09-22,T+15,B737,1234567,29/03/2026,23/10/2026,SpiceJet_SS_2026.pdf,queued
SpiceJet,SG 194,AMD,DEL,2026-10-07,T+30,B737,1234567,29/03/2026,23/10/2026,SpiceJet_SS_2026.pdf,queued
SpiceJet,SG 194,AMD,DEL,2026-10-22,T+45,B737,1234567,29/03/2026,23/10/2026,SpiceJet_SS_2026.pdf,queued
SpiceJet,SG 462,BLR,AMD,2026-09-08,T+1,B737,1234567,29/03/2026,15/04/2026,SpiceJet_SS_2026.pdf,queued
SpiceJet,SG 462,BLR,AMD,2026-09-14,T+7,B737,1234567,29/03/2026,15/04/2026,SpiceJet_SS_2026.pdf,queued
SpiceJet,SG 462,BLR,AMD,2026-09-22,T+15,B737,1234567,29/03/2026,15/04/2026,SpiceJet_SS_2026.pdf,queued
SpiceJet,SG 462,BLR,AMD,2026-10-07,T+30,B737,1234567,29/03/2026,15/04/2026,SpiceJet_SS_2026.pdf,queued
SpiceJet,SG 462,BLR,AMD,2026-10-22,T+45,B737,1234567,29/03/2026,15/04/2026,SpiceJet_SS_2026.pdf,queued
SpiceJet,SG 463,AMD,HYD,2026-09-08,T+1,B737,1234567,29/03/2026,15/04/2026,SpiceJet_SS_2026.pdf,queued
SpiceJet,SG 463,AMD,HYD,2026-09-14,T+7,B737,1234567,29/03/2026,15/04/2026,SpiceJet_SS_2026.pdf,queued
SpiceJet,SG 463,AMD,HYD,2026-09-22,T+15,B737,1234567,29/03/2026,15/04/2026,SpiceJet_SS_2026.pdf,queued
SpiceJet,SG 463,AMD,HYD,2026-10-07,T+30,B737,1234567,29/03/2026,15/04/2026,SpiceJet_SS_2026.pdf,queued
SpiceJet,SG 463,AMD,HYD,2026-10-22,T+45,B737,1234567,29/03/2026,15/04/2026,SpiceJet_SS_2026.pdf,queued
SpiceJet,SG 1077,AMD,BOM,2026-09-08,T+1,Q400,6,04/04/2026,24/10/2026,SpiceJet_SS_2026.pdf,queued
SpiceJet,SG 1077,AMD,BOM,2026-09-14,T+7,Q400,6,04/04/2026,24/10/2026,SpiceJet_SS_2026.pdf,queued
SpiceJet,SG 1077,AMD,BOM,2026-09-22,T+15,Q400,6,04/04/2026,24/10/2026,SpiceJet_SS_2026.pdf,queued
SpiceJet,SG 1077,AMD,BOM,2026-10-07,T+30,Q400,6,04/04/2026,24/10/2026,SpiceJet_SS_2026.pdf,queued
SpiceJet,SG 1077,AMD,BOM,2026-10-22,T+45,Q400,6,04/04/2026,24/10/2026,SpiceJet_SS_2026.pdf,queued
SpiceJet,SG 764,BLR,AMD,2026-09-08,T+1,B737,124567,29/03/2026,24/10/2026,SpiceJet_SS_2026.pdf,queued
SpiceJet,SG 764,BLR,AMD,2026-09-14,T+7,B737,124567,29/03/2026,24/10/2026,SpiceJet_SS_2026.pdf,queued
SpiceJet,SG 764,BLR,AMD,2026-09-22,T+15,B737,124567,29/03/2026,24/10/2026,SpiceJet_SS_2026.pdf,queued
SpiceJet,SG 764,BLR,AMD,2026-10-07,T+30,B737,124567,29/03/2026,24/10/2026,SpiceJet_SS_2026.pdf,queued
SpiceJet,SG 764,BLR,AMD,2026-10-22,T+45,B737,124567,29/03/2026,24/10/2026,SpiceJet_SS_2026.pdf,queued
SpiceJet,SG 591,AMD,CCU,2026-09-08,T+1,B737,124567,29/03/2026,24/10/2026,SpiceJet_SS_2026.pdf,queued
SpiceJet,SG 591,AMD,CCU,2026-09-14,T+7,B737,124567,29/03/2026,24/10/2026,SpiceJet_SS_2026.pdf,queued
SpiceJet,SG 591,AMD,CCU,2026-09-22,T+15,B737,124567,29/03/2026,24/10/2026,SpiceJet_SS_2026.pdf,queued
SpiceJet,SG 591,AMD,CCU,2026-10-07,T+30,B737,124567,29/03/2026,24/10/2026,SpiceJet_SS_2026.pdf,queued
SpiceJet,SG 591,AMD,CCU,2026-10-22,T+45,B737,124567,29/03/2026,24/10/2026,SpiceJet_SS_2026.pdf,queued
SpiceJet,SG 494,CCU,AMD,2026-09-08,T+1,B737,1234567,29/03/2026,24/10/2026,SpiceJet_SS_2026.pdf,queued
SpiceJet,SG 494,CCU,AMD,2026-09-14,T+7,B737,1234567,29/03/2026,24/10/2026,SpiceJet_SS_2026.pdf,queued
SpiceJet,SG 494,CCU,AMD,2026-09-22,T+15,B737,1234567,29/03/2026,24/10/2026,SpiceJet_SS_2026.pdf,queued
SpiceJet,SG 494,CCU,AMD,2026-10-07,T+30,B737,1234567,29/03/2026,24/10/2026,SpiceJet_SS_2026.pdf,queued
SpiceJet,SG 494,CCU,AMD,2026-10-22,T+45,B737,1234567,29/03/2026,24/10/2026,SpiceJet_SS_2026.pdf,queued
SpiceJet,SG 466,AMD,BLR,2026-09-08,T+1,B737,3,01/04/2026,15/04/2026,SpiceJet_SS_2026.pdf,queued
SpiceJet,SG 466,AMD,BLR,2026-09-14,T+7,B737,3,01/04/2026,15/04/2026,SpiceJet_SS_2026.pdf,queued
SpiceJet,SG 466,AMD,BLR,2026-09-22,T+15,B737,3,01/04/2026,15/04/2026,SpiceJet_SS_2026.pdf,queued
SpiceJet,SG 466,AMD,BLR,2026-10-07,T+30,B737,3,01/04/2026,15/04/2026,SpiceJet_SS_2026.pdf,queued
SpiceJet,SG 466,AMD,BLR,2026-10-22,T+45,B737,3,01/04/2026,15/04/2026,SpiceJet_SS_2026.pdf,queued
SpiceJet,SG 1078,BOM,AMD,2026-09-08,T+1,Q400,6,04/04/2026,24/10/2026,SpiceJet_SS_2026.pdf,queued
SpiceJet,SG 1078,BOM,AMD,2026-09-14,T+7,Q400,6,04/04/2026,24/10/2026,SpiceJet_SS_2026.pdf,queued
SpiceJet,SG 1078,BOM,AMD,2026-09-22,T+15,Q400,6,04/04/2026,24/10/2026,SpiceJet_SS_2026.pdf,queued
SpiceJet,SG 1078,BOM,AMD,2026-10-07,T+30,Q400,6,04/04/2026,24/10/2026,SpiceJet_SS_2026.pdf,queued
SpiceJet,SG 1078,BOM,AMD,2026-10-22,T+45,Q400,6,04/04/2026,24/10/2026,SpiceJet_SS_2026.pdf,queued
SpiceJet,SG 594,CCU,AMD,2026-09-08,T+1,B737,1234567,29/03/2026,24/10/2026,SpiceJet_SS_2026.pdf,queued
SpiceJet,SG 594,CCU,AMD,2026-09-14,T+7,B737,1234567,29/03/2026,24/10/2026,SpiceJet_SS_2026.pdf,queued
SpiceJet,SG 594,CCU,AMD,2026-09-22,T+15,B737,1234567,29/03/2026,24/10/2026,SpiceJet_SS_2026.pdf,queued
SpiceJet,SG 594,CCU,AMD,2026-10-07,T+30,B737,1234567,29/03/2026,24/10/2026,SpiceJet_SS_2026.pdf,queued
SpiceJet,SG 594,CCU,AMD,2026-10-22,T+45,B737,1234567,29/03/2026,24/10/2026,SpiceJet_SS_2026.pdf,queued
SpiceJet,SG 441,AMD,CCU,2026-09-08,T+1,B737,1234567,29/03/2026,24/10/2026,SpiceJet_SS_2026.pdf,queued
SpiceJet,SG 441,AMD,CCU,2026-09-14,T+7,B737,1234567,29/03/2026,24/10/2026,SpiceJet_SS_2026.pdf,queued
SpiceJet,SG 441,AMD,CCU,2026-09-22,T+15,B737,1234567,29/03/2026,24/10/2026,SpiceJet_SS_2026.pdf,queued
SpiceJet,SG 441,AMD,CCU,2026-10-07,T+30,B737,1234567,29/03/2026,24/10/2026,SpiceJet_SS_2026.pdf,queued
SpiceJet,SG 441,AMD,CCU,2026-10-22,T+45,B737,1234567,29/03/2026,24/10/2026,SpiceJet_SS_2026.pdf,queued
SpiceJet,SG 736,AMD,CCU,2026-09-08,T+1,B737,124567,29/03/2026,24/10/2026,SpiceJet_SS_2026.pdf,queued
SpiceJet,SG 736,AMD,CCU,2026-09-14,T+7,B737,124567,29/03/2026,24/10/2026,SpiceJet_SS_2026.pdf,queued
SpiceJet,SG 736,AMD,CCU,2026-09-22,T+15,B737,124567,29/03/2026,24/10/2026,SpiceJet_SS_2026.pdf,queued
SpiceJet,SG 736,AMD,CCU,2026-10-07,T+30,B737,124567,29/03/2026,24/10/2026,SpiceJet_SS_2026.pdf,queued
SpiceJet,SG 736,AMD,CCU,2026-10-22,T+45,B737,124567,29/03/2026,24/10/2026,SpiceJet_SS_2026.pdf,queued
SpiceJet,SG 458,MAA,AMD,2026-09-08,T+1,B737,1234567,29/03/2026,23/10/2026,SpiceJet_SS_2026.pdf,queued
SpiceJet,SG 458,MAA,AMD,2026-09-14,T+7,B737,1234567,29/03/2026,23/10/2026,SpiceJet_SS_2026.pdf,queued
SpiceJet,SG 458,MAA,AMD,2026-09-22,T+15,B737,1234567,29/03/2026,23/10/2026,SpiceJet_SS_2026.pdf,queued
SpiceJet,SG 458,MAA,AMD,2026-10-07,T+30,B737,1234567,29/03/2026,23/10/2026,SpiceJet_SS_2026.pdf,queued
SpiceJet,SG 458,MAA,AMD,2026-10-22,T+45,B737,1234567,29/03/2026,23/10/2026,SpiceJet_SS_2026.pdf,queued
SpiceJet,SG 466,BLR,AMD,2026-09-08,T+1,B737,1234567,29/03/2026,15/04/2026,SpiceJet_SS_2026.pdf,queued
SpiceJet,SG 466,BLR,AMD,2026-09-14,T+7,B737,1234567,29/03/2026,15/04/2026,SpiceJet_SS_2026.pdf,queued
SpiceJet,SG 466,BLR,AMD,2026-09-22,T+15,B737,1234567,29/03/2026,15/04/2026,SpiceJet_SS_2026.pdf,queued
SpiceJet,SG 466,BLR,AMD,2026-10-07,T+30,B737,1234567,29/03/2026,15/04/2026,SpiceJet_SS_2026.pdf,queued
SpiceJet,SG 466,BLR,AMD,2026-10-22,T+45,B737,1234567,29/03/2026,15/04/2026,SpiceJet_SS_2026.pdf,queued
SpiceJet,SG 193,DEL,AMD,2026-09-08,T+1,B737,1234567,29/03/2026,23/10/2026,SpiceJet_SS_2026.pdf,queued
SpiceJet,SG 193,DEL,AMD,2026-09-14,T+7,B737,1234567,29/03/2026,23/10/2026,SpiceJet_SS_2026.pdf,queued
SpiceJet,SG 193,DEL,AMD,2026-09-22,T+15,B737,1234567,29/03/2026,23/10/2026,SpiceJet_SS_2026.pdf,queued
SpiceJet,SG 193,DEL,AMD,2026-10-07,T+30,B737,1234567,29/03/2026,23/10/2026,SpiceJet_SS_2026.pdf,queued
SpiceJet,SG 193,DEL,AMD,2026-10-22,T+45,B737,1234567,29/03/2026,23/10/2026,SpiceJet_SS_2026.pdf,queued
SpiceJet,SG 461,AMD,BLR,2026-09-08,T+1,B737,1234567,29/03/2026,15/04/2026,SpiceJet_SS_2026.pdf,queued
SpiceJet,SG 461,AMD,BLR,2026-09-14,T+7,B737,1234567,29/03/2026,15/04/2026,SpiceJet_SS_2026.pdf,queued
SpiceJet,SG 461,AMD,BLR,2026-09-22,T+15,B737,1234567,29/03/2026,15/04/2026,SpiceJet_SS_2026.pdf,queued
SpiceJet,SG 461,AMD,BLR,2026-10-07,T+30,B737,1234567,29/03/2026,15/04/2026,SpiceJet_SS_2026.pdf,queued
SpiceJet,SG 461,AMD,BLR,2026-10-22,T+45,B737,1234567,29/03/2026,15/04/2026,SpiceJet_SS_2026.pdf,queued
SpiceJet,SG 555,BOM,BLR,2026-09-08,T+1,B737,1234567,29/03/2026,24/10/2026,SpiceJet_SS_2026.pdf,queued
SpiceJet,SG 555,BOM,BLR,2026-09-14,T+7,B737,1234567,29/03/2026,24/10/2026,SpiceJet_SS_2026.pdf,queued
SpiceJet,SG 555,BOM,BLR,2026-09-22,T+15,B737,1234567,29/03/2026,24/10/2026,SpiceJet_SS_2026.pdf,queued
SpiceJet,SG 555,BOM,BLR,2026-10-07,T+30,B737,1234567,29/03/2026,24/10/2026,SpiceJet_SS_2026.pdf,queued
SpiceJet,SG 555,BOM,BLR,2026-10-22,T+45,B737,1234567,29/03/2026,24/10/2026,SpiceJet_SS_2026.pdf,queued
SpiceJet,SG 529,BLR,DEL,2026-09-08,T+1,B737,1234567,29/03/2026,23/10/2026,SpiceJet_SS_2026.pdf,queued
SpiceJet,SG 529,BLR,DEL,2026-09-14,T+7,B737,1234567,29/03/2026,23/10/2026,SpiceJet_SS_2026.pdf,queued
SpiceJet,SG 529,BLR,DEL,2026-09-22,T+15,B737,1234567,29/03/2026,23/10/2026,SpiceJet_SS_2026.pdf,queued
SpiceJet,SG 529,BLR,DEL,2026-10-07,T+30,B737,1234567,29/03/2026,23/10/2026,SpiceJet_SS_2026.pdf,queued
SpiceJet,SG 529,BLR,DEL,2026-10-22,T+45,B737,1234567,29/03/2026,23/10/2026,SpiceJet_SS_2026.pdf,queued
SpiceJet,SG 115,BLR,BOM,2026-09-08,T+1,B737,1234567,29/03/2026,24/10/2026,SpiceJet_SS_2026.pdf,queued
SpiceJet,SG 115,BLR,BOM,2026-09-14,T+7,B737,1234567,29/03/2026,24/10/2026,SpiceJet_SS_2026.pdf,queued
SpiceJet,SG 115,BLR,BOM,2026-09-22,T+15,B737,1234567,29/03/2026,24/10/2026,SpiceJet_SS_2026.pdf,queued
SpiceJet,SG 115,BLR,BOM,2026-10-07,T+30,B737,1234567,29/03/2026,24/10/2026,SpiceJet_SS_2026.pdf,queued
SpiceJet,SG 115,BLR,BOM,2026-10-22,T+45,B737,1234567,29/03/2026,24/10/2026,SpiceJet_SS_2026.pdf,queued
