airline,flight_number,operator_code,aircraft_type,frequency,origin,destination,effective_from,effective_to,direction,source_file
Air India Express,IX 1521,AXB,A320N,1234567,CCU,IXA,29/03/2026,24/10/2026,arrival,AirIndiaExpressLimited_SS_2026.pdf
Air India Express,IX 1522,AXB,A320N,1234567,IXA,CCU,29/03/2026,24/10/2026,departure,AirIndiaExpressLimited_SS_2026.pdf
Air India Express,IX 2892,AXB,B737,37,IXB,IXA,12/04/2026,22/04/2026,arrival,AirIndiaExpressLimited_SS_2026.pdf
Air India Express,IX 2892,AXB,B737,367,IXB,IXA,29/03/2026,04/04/2026,arrival,AirIndiaExpressLimited_SS_2026.pdf
Air India Express,IX 2892,AXB,B737,367,IXB,IXA,03/05/2026,09/05/2026,arrival,AirIndiaExpressLimited_SS_2026.pdf
Air India Express,IX 2892,AXB,B737,367,IXB,IXA,17/05/2026,23/05/2026,arrival,AirIndiaExpressLimited_SS_2026.pdf
Air India Express,IX 2892,AXB,B737,367,IXB,IXA,31/05/2026,06/06/2026,arrival,AirIndiaExpressLimited_SS_2026.pdf
Air India Express,IX 2892,AXB,B737,367,IXB,IXA,14/06/2026,20/06/2026,arrival,AirIndiaExpressLimited_SS_2026.pdf
Air India Express,IX 2892,AXB,B737,367,IXB,IXA,28/06/2026,04/07/2026,arrival,AirIndiaExpressLimited_SS_2026.pdf
Air India Express,IX 2892,AXB,B737,367,IXB,IXA,12/07/2026,18/07/2026,arrival,AirIndiaExpressLimited_SS_2026.pdf
Air India Express,IX 2892,AXB,B737,367,IXB,IXA,26/07/2026,01/08/2026,arrival,AirIndiaExpressLimited_SS_2026.pdf
Air India Express,IX 2892,AXB,B737,367,IXB,IXA,09/08/2026,15/08/2026,arrival,AirIndiaExpressLimited_SS_2026.pdf
Air India Express,IX 2892,AXB,B737,367,IXB,IXA,23/08/2026,29/08/2026,arrival,AirIndiaExpressLimited_SS_2026.pdf
Air India Express,IX 2892,AXB,B737,367,IXB,IXA,06/09/2026,12/09/2026,arrival,AirIndiaExpressLimited_SS_2026.pdf
Air India Express,IX 2892,AXB,B737,367,IXB,IXA,20/09/2026,26/09/2026,arrival,AirIndiaExpressLimited_SS_2026.pdf
Air India Express,IX 2892,AXB,B737,367,IXB,IXA,04/10/2026,10/10/2026,arrival,AirIndiaExpressLimited_SS_2026.pdf
Air India Express,IX 2892,AXB,B737,367,IXB,IXA,18/10/2026,24/10/2026,arrival,AirIndiaExpressLimited_SS_2026.pdf
Air India Express,IX 2892,AXB,B737,24,IXB,IXA,31/03/2026,16/04/2026,arrival,AirIndiaExpressLimited_SS_2026.pdf
Air India Express,IX 2892,AXB,B737,24,IXB,IXA,28/04/2026,22/10/2026,arrival,AirIndiaExpressLimited_SS_2026.pdf
Air India Express,IX 2892,AXB,B737,246,IXB,IXA,18/04/2026,23/04/2026,arrival,AirIndiaExpressLimited_SS_2026.pdf
Air India Express,IX 2892,AXB,B737,15,IXB,IXA,06/04/2026,10/04/2026,arrival,AirIndiaExpressLimited_SS_2026.pdf
Air India Express,IX 2892,AXB,B737,15,IXB,IXA,11/05/2026,15/05/2026,arrival,AirIndiaExpressLimited_SS_2026.pdf
Air India Express,IX 2892,AXB,B737,15,IXB,IXA,25/05/2026,29/05/2026,arrival,AirIndiaExpressLimited_SS_2026.pdf
Air India Express,IX 2892,AXB,B737,15,IXB,IXA,08/06/2026,12/06/2026,arrival,AirIndiaExpressLimited_SS_2026.pdf
Air India Express,IX 2892,AXB,B737,15,IXB,IXA,22/06/2026,26/06/2026,arrival,AirIndiaExpressLimited_SS_2026.pdf
Air India Express,IX 2892,AXB,B737,15,IXB,IXA,06/07/2026,10/07/2026,arrival,AirIndiaExpressLimited_SS_2026.pdf
Air India Express,IX 2892,AXB,B737,15,IXB,IXA,20/07/2026,24/07/2026,arrival,AirIndiaExpressLimited_SS_2026.pdf
Air India Express,IX 2892,AXB,B737,15,IXB,IXA,03/08/2026,07/08/2026,arrival,AirIndiaExpressLimited_SS_2026.pdf
Air India Express,IX 2892,AXB,B737,15,IXB,IXA,17/08/2026,21/08/2026,arrival,AirIndiaExpressLimited_SS_2026.pdf
Air India Express,IX 2892,AXB,B737,15,IXB,IXA,31/08/2026,04/09/2026,arrival,AirIndiaExpressLimited_SS_2026.pdf
Air India Express,IX 2892,AXB,B737,15,IXB,IXA,14/09/2026,18/09/2026,arrival,AirIndiaExpressLimited_SS_2026.pdf
Air India Express,IX 2892,AXB,B737,15,IXB,IXA,28/09/2026,02/10/2026,arrival,AirIndiaExpressLimited_SS_2026.pdf
Air India Express,IX 2892,AXB,B737,15,IXB,IXA,12/10/2026,16/10/2026,arrival,AirIndiaExpressLimited_SS_2026.pdf
Air India Express,IX 2892,AXB,B737,156,IXB,IXA,25/04/2026,01/05/2026,arrival,AirIndiaExpressLimited_SS_2026.pdf
Air India Express,IX 2892,AXB,B737,367,IXB,IXA,26/04/2026,02/05/2026,arrival,AirIndiaExpressLimited_SS_2026.pdf
Air India Express,IX 2892,AXB,B737,367,IXB,IXA,07/06/2026,13/06/2026,arrival,AirIndiaExpressLimited_SS_2026.pdf
Air India Express,IX 2892,AXB,B737,367,IXB,IXA,19/07/2026,25/07/2026,arrival,AirIndiaExpressLimited_SS_2026.pdf
Air India Express,IX 2892,AXB,B737,367,IXB,IXA,30/08/2026,05/09/2026,arrival,AirIndiaExpressLimited_SS_2026.pdf
Air India,AI 2909,AIC,A320,5,DEL,AMD,05/06/2026,23/10/2026,arrival,AirIndiaLtd_SS_2026.pdf
Air India,AI 2909,AIC,A320,123467,DEL,AMD,06/06/2026,24/10/2026,arrival,AirIndiaLtd_SS_2026.pdf
Air India,AI 2909,AIC,A320,1234567,DEL,AMD,30/03/2026,04/06/2026,arrival,AirIndiaLtd_SS_2026.pdf
Air India,AI 2909,AIC,A320,7,DEL,AMD,29/03/2026,29/03/2026,arrival,AirIndiaLtd_SS_2026.pdf
Air India,AI 2918,AIC,A320,7,AMD,BOM,29/03/2026,29/03/2026,departure,AirIndiaLtd_SS_2026.pdf
Air India,AI 2918,AIC,A320,123467,AMD,BOM,06/06/2026,24/10/2026,departure,AirIndiaLtd_SS_2026.pdf
Air India,AI 2918,AIC,A320,1234567,AMD,BOM,30/03/2026,04/06/2026,departure,AirIndiaLtd_SS_2026.pdf
Air India,AI 2918,AIC,A320,4,AMD,BOM,04/06/2026,22/10/2026,departure,AirIndiaLtd_SS_2026.pdf
Air India,AI 2906,AIC,A320,7,AMD,DEL,29/03/2026,29/03/2026,departure,AirIndiaLtd_SS_2026.pdf
Air India,AI 2906,AIC,A320,4,AMD,DEL,02/04/2026,28/05/2026,departure,AirIndiaLtd_SS_2026.pdf
Air India,AI 2906,AIC,A320,123567,AMD,DEL,29/03/2026,23/10/2026,departure,AirIndiaLtd_SS_2026.pdf
Air India,AI 2906,AIC,A320,5,AMD,DEL,05/06/2026,23/10/2026,departure,AirIndiaLtd_SS_2026.pdf
Air India,AI 817,AIC,A321,1234567,DEL,AMD,29/03/2026,24/10/2026,arrival,AirIndiaLtd_SS_2026.pdf
Air India,AI 493,AIC,A321,1234567,BOM,AMD,29/03/2026,24/10/2026,arrival,AirIndiaLtd_SS_2026.pdf
Air India,AI 818,AIC,A321,1234567,AMD,DEL,29/03/2026,24/10/2026,departure,AirIndiaLtd_SS_2026.pdf
Air India,AI 494,AIC,A321,1234567,AMD,BOM,29/03/2026,24/10/2026,departure,AirIndiaLtd_SS_2026.pdf
Air India,AI 2959,AIC,A320,67,DEL,AMD,29/03/2026,24/10/2026,arrival,AirIndiaLtd_SS_2026.pdf
Air India,AI 2959,AIC,A321,12345,DEL,AMD,30/03/2026,23/10/2026,arrival,AirIndiaLtd_SS_2026.pdf
Air India,AI 2946,AIC,A320,67,AMD,DEL,29/03/2026,24/10/2026,departure,AirIndiaLtd_SS_2026.pdf
Air India,AI 2946,AIC,A321,12345,AMD,DEL,30/03/2026,23/10/2026,departure,AirIndiaLtd_SS_2026.pdf
Air India,AI 424,AIC,B787,3,AMD,DEL,06/05/2026,06/05/2026,departure,AirIndiaLtd_SS_2026.pdf
Air India,AI 2847,AIC,A320,3,BOM,AMD,01/04/2026,29/04/2026,arrival,AirIndiaLtd_SS_2026.pdf
Air India,AI 2847,AIC,A320,3,BOM,AMD,13/05/2026,27/05/2026,arrival,AirIndiaLtd_SS_2026.pdf
Air India,AI 2847,AIC,A320,3,BOM,AMD,03/06/2026,21/10/2026,arrival,AirIndiaLtd_SS_2026.pdf
Air India,AI 2847,AIC,A320,124567,BOM,AMD,29/03/2026,24/10/2026,arrival,AirIndiaLtd_SS_2026.pdf
Air India,AI 424,AIC,B777,3,AMD,DEL,05/08/2026,21/10/2026,departure,AirIndiaLtd_SS_2026.pdf
Air India,AI 424,AIC,B787,3,AMD,DEL,01/04/2026,29/04/2026,departure,AirIndiaLtd_SS_2026.pdf
Air India,AI 424,AIC,B787,3,AMD,DEL,13/05/2026,29/07/2026,departure,AirIndiaLtd_SS_2026.pdf
Air India,AI 2848,AIC,A320,3,AMD,BOM,01/04/2026,29/04/2026,departure,AirIndiaLtd_SS_2026.pdf
Air India,AI 2848,AIC,A320,3,AMD,BOM,13/05/2026,27/05/2026,departure,AirIndiaLtd_SS_2026.pdf
Air India,AI 2848,AIC,A320,3,AMD,BOM,03/06/2026,21/10/2026,departure,AirIndiaLtd_SS_2026.pdf
Air India,AI 424,AIC,B777,7,AMD,DEL,09/08/2026,18/10/2026,departure,AirIndiaLtd_SS_2026.pdf
Air India,AI 424,AIC,B777,5,AMD,DEL,07/08/2026,23/10/2026,departure,AirIndiaLtd_SS_2026.pdf
Air India,AI 424,AIC,B787,5,AMD,DEL,03/04/2026,31/07/2026,departure,AirIndiaLtd_SS_2026.pdf
Air India,AI 423,AIC,B777,6,DEL,AMD,08/08/2026,24/10/2026,arrival,AirIndiaLtd_SS_2026.pdf
Air India,AI 423,AIC,B777,14,DEL,AMD,03/08/2026,22/10/2026,arrival,AirIndiaLtd_SS_2026.pdf
Air India,AI 423,AIC,B787,14,DEL,AMD,30/03/2026,30/07/2026,arrival,AirIndiaLtd_SS_2026.pdf
Air India,AI 2848,AIC,A320,124567,AMD,BOM,29/03/2026,24/10/2026,departure,AirIndiaLtd_SS_2026.pdf
Alliance Air,9I 611,LLR,ATR 72,46,BOM,AMD,29/03/2026,24/10/2026,arrival,AllianceAir_SS_2026.pdf
Alliance Air,9I 603,LLR,ATR 72,46,AMD,IXK,29/03/2026,24/10/2026,departure,AllianceAir_SS_2026.pdf
Alliance Air,9I 610,LLR,ATR 72,2,JLG,AMD,29/03/2026,24/10/2026,arrival,AllianceAir_SS_2026.pdf
Alliance Air,9I 603,LLR,ATR 72,2,AMD,IXK,29/03/2026,24/10/2026,departure,AllianceAir_SS_2026.pdf
Alliance Air,9I 604,LLR,ATR 72,46,IXK,AMD,29/03/2026,24/10/2026,arrival,AllianceAir_SS_2026.pdf
Alliance Air,9I 609,LLR,ATR 72,46,AMD,JLG,29/03/2026,24/10/2026,departure,AllianceAir_SS_2026.pdf
Alliance Air,9I 604,LLR,ATR 72,2,IXK,AMD,29/03/2026,24/10/2026,arrival,AllianceAir_SS_2026.pdf
Alliance Air,9I 861,LLR,ATR 42,24,HSS,AMD,29/03/2026,24/10/2026,arrival,AllianceAir_SS_2026.pdf
Alliance Air,9I 609,LLR,ATR 72,2,AMD,JLG,29/03/2026,24/10/2026,departure,AllianceAir_SS_2026.pdf
Alliance Air,9I 610,LLR,ATR 72,1357,JLG,AMD,29/03/2026,24/10/2026,arrival,AllianceAir_SS_2026.pdf
Alliance Air,9I 862,LLR,ATR 42,24,AMD,HSS,29/03/2026,24/10/2026,departure,AllianceAir_SS_2026.pdf
Alliance Air,9I 609,LLR,ATR 72,1357,AMD,JLG,29/03/2026,24/10/2026,departure,AllianceAir_SS_2026.pdf
Alliance Air,9I 610,LLR,ATR 72,46,JLG,AMD,29/03/2026,24/10/2026,arrival,AllianceAir_SS_2026.pdf
Alliance Air,9I 612,LLR,ATR 72,46,AMD,BOM,29/03/2026,24/10/2026,departure,AllianceAir_SS_2026.pdf
Alliance Air,9I 786,LLR,ATR 72,125,SHL,AJL,29/03/2026,24/10/2026,arrival,AllianceAir_SS_2026.pdf
Alliance Air,9I 787,LLR,ATR 72,7,GAU,AJL,29/03/2026,24/10/2026,arrival,AllianceAir_SS_2026.pdf
Alliance Air,9I 785,LLR,ATR 72,125,AJL,SHL,29/03/2026,24/10/2026,departure,AllianceAir_SS_2026.pdf
Alliance Air,9I 785,LLR,ATR 72,7,AJL,SHL,29/03/2026,24/10/2026,departure,AllianceAir_SS_2026.pdf
Alliance Air,9I 787,LLR,ATR 72,36,GAU,AJL,29/03/2026,24/10/2026,arrival,AllianceAir_SS_2026.pdf
Alliance Air,9I 787,LLR,ATR 72,36,AJL,IMF,29/03/2026,24/10/2026,departure,AllianceAir_SS_2026.pdf
Alliance Air,9I 787,LLR,ATR 72,1,GAU,AJL,29/03/2026,24/10/2026,arrival,AllianceAir_SS_2026.pdf
Alliance Air,9I 788,LLR,ATR 72,1,AJL,GAU,29/03/2026,24/10/2026,departure,AllianceAir_SS_2026.pdf
Alliance Air,9I 786,LLR,ATR 72,7,SHL,AJL,29/03/2026,24/10/2026,arrival,AllianceAir_SS_2026.pdf
Alliance Air,9I 788,LLR,ATR 72,7,AJL,GAU,29/03/2026,24/10/2026,departure,AllianceAir_SS_2026.pdf
Alliance Air,9I 788,LLR,ATR 72,36,IMF,AJL,29/03/2026,24/10/2026,arrival,AllianceAir_SS_2026.pdf
Alliance Air,9I 788,LLR,ATR 72,36,AJL,GAU,29/03/2026,24/10/2026,departure,AllianceAir_SS_2026.pdf
Ghodawat Enterprises,S5 618,SDG,EMB,7,AMD,PXN,29/03/2026,29/03/2026,departure,Ghodawat EnterprisesPvtLtd_SS_2026.pdf
Ghodawat Enterprises,S5 618,SDG,EMB,1234567,AMD,PXN,29/03/2026,23/10/2026,departure,Ghodawat EnterprisesPvtLtd_SS_2026.pdf
Ghodawat Enterprises,S5 614,SDG,EMB,23457,AMD,JGA,29/03/2026,23/10/2026,departure,Ghodawat EnterprisesPvtLtd_SS_2026.pdf
Ghodawat Enterprises,S5 218,SDG,EMB,3,NDC,AMD,01/04/2026,21/10/2026,arrival,Ghodawat EnterprisesPvtLtd_SS_2026.pdf
Ghodawat Enterprises,S5 425,SDG,EMB,24,DIU,AMD,31/03/2026,22/10/2026,arrival,Ghodawat EnterprisesPvtLtd_SS_2026.pdf
Ghodawat Enterprises,S5 218,SDG,EMB,1246,NDC,AMD,30/03/2026,24/10/2026,arrival,Ghodawat EnterprisesPvtLtd_SS_2026.pdf
Ghodawat Enterprises,S5 424,SDG,EMB,24,AMD,DIU,31/03/2026,22/10/2026,departure,Ghodawat EnterprisesPvtLtd_SS_2026.pdf
Ghodawat Enterprises,S5 219,SDG,EMB,146,AMD,NDC,30/03/2026,24/10/2026,departure,Ghodawat EnterprisesPvtLtd_SS_2026.pdf
Ghodawat Enterprises,S5 615,SDG,EMB,1234567,JGA,AMD,29/03/2026,24/10/2026,arrival,Ghodawat EnterprisesPvtLtd_SS_2026.pdf
Ghodawat Enterprises,S5 619,SDG,EMB,1234567,PXN,AMD,29/03/2026,23/10/2026,arrival,Ghodawat EnterprisesPvtLtd_SS_2026.pdf
Ghodawat Enterprises,S5 619,SDG,EMB,6,PXN,AMD,24/10/2026,24/10/2026,arrival,Ghodawat EnterprisesPvtLtd_SS_2026.pdf
Ghodawat Enterprises,S5 159,SDG,EMB,7,BLR,IXX,29/03/2026,29/03/2026,departure,Ghodawat EnterprisesPvtLtd_SS_2026.pdf
Ghodawat Enterprises,S5 159,SDG,EMB,4567,BLR,IXX,08/04/2026,23/10/2026,departure,Ghodawat EnterprisesPvtLtd_SS_2026.pdf
Ghodawat Enterprises,S5 159,SDG,EMB,4567,BLR,IXX,01/04/2026,04/04/2026,departure,Ghodawat EnterprisesPvtLtd_SS_2026.pdf
Ghodawat Enterprises,S5 159,SDG,EMB,3,BLR,IXX,31/03/2026,20/10/2026,departure,Ghodawat EnterprisesPvtLtd_SS_2026.pdf
Ghodawat Enterprises,S5 159,SDG,EMB,12,BLR,IXX,29/03/2026,19/10/2026,departure,Ghodawat EnterprisesPvtLtd_SS_2026.pdf
Ghodawat Enterprises,S5 181,SDG,EMB,16,BLR,GOX,29/03/2026,23/10/2026,departure,Ghodawat EnterprisesPvtLtd_SS_2026.pdf
Ghodawat Enterprises,S5 181,SDG,EMB,4,BLR,GOX,08/04/2026,21/10/2026,departure,Ghodawat EnterprisesPvtLtd_SS_2026.pdf
Ghodawat Enterprises,S5 181,SDG,EMB,23,BLR,GOX,30/03/2026,20/10/2026,departure,Ghodawat EnterprisesPvtLtd_SS_2026.pdf
Ghodawat Enterprises,S5 183,SDG,EMB,3,BLR,NDC,31/03/2026,20/10/2026,departure,Ghodawat EnterprisesPvtLtd_SS_2026.pdf
Ghodawat Enterprises,S5 183,SDG,EMB,12456,BLR,NDC,29/03/2026,23/10/2026,departure,Ghodawat EnterprisesPvtLtd_SS_2026.pdf
Ghodawat Enterprises,S5 160,SDG,EMB,1234567,IXX,BLR,29/03/2026,24/10/2026,arrival,Ghodawat EnterprisesPvtLtd_SS_2026.pdf
Ghodawat Enterprises,S5 183,SDG,EMB,7,BLR,NDC,29/03/2026,29/03/2026,departure,Ghodawat EnterprisesPvtLtd_SS_2026.pdf
Ghodawat Enterprises,S5 183,SDG,EMB,7,BLR,NDC,04/04/2026,17/10/2026,departure,Ghodawat EnterprisesPvtLtd_SS_2026.pdf
Ghodawat Enterprises,S5 701,SDG,EMB,1234567,BLR,VDY,29/03/2026,24/10/2026,departure,Ghodawat EnterprisesPvtLtd_SS_2026.pdf
Ghodawat Enterprises,S5 702,SDG,EMB,2,VDY,BLR,31/03/2026,20/10/2026,arrival,Ghodawat EnterprisesPvtLtd_SS_2026.pdf
Ghodawat Enterprises,S5 702,SDG,EMB,134567,VDY,BLR,29/03/2026,24/10/2026,arrival,Ghodawat EnterprisesPvtLtd_SS_2026.pdf
Ghodawat Enterprises,S5 151,SDG,EMB,134567,BLR,HYD,29/03/2026,24/10/2026,departure,Ghodawat EnterprisesPvtLtd_SS_2026.pdf
Ghodawat Enterprises,S5 182,SDG,EMB,6,GOX,BLR,24/10/2026,24/10/2026,arrival,Ghodawat EnterprisesPvtLtd_SS_2026.pdf
Ghodawat Enterprises,S5 182,SDG,EMB,46,GOX,BLR,09/04/2026,22/10/2026,arrival,Ghodawat EnterprisesPvtLtd_SS_2026.pdf
Ghodawat Enterprises,S5 182,SDG,EMB,3,GOX,BLR,08/04/2026,21/10/2026,arrival,Ghodawat EnterprisesPvtLtd_SS_2026.pdf
Ghodawat Enterprises,S5 182,SDG,EMB,12,GOX,BLR,30/03/2026,20/10/2026,arrival,Ghodawat EnterprisesPvtLtd_SS_2026.pdf
Ghodawat Enterprises,S5 184,SDG,EMB,6,NDC,BLR,04/04/2026,17/10/2026,arrival,Ghodawat EnterprisesPvtLtd_SS_2026.pdf
Ghodawat Enterprises,S5 184,SDG,EMB,6,NDC,BLR,24/10/2026,24/10/2026,arrival,Ghodawat EnterprisesPvtLtd_SS_2026.pdf
Ghodawat Enterprises,S5 184,SDG,EMB,2,NDC,BLR,31/03/2026,20/10/2026,arrival,Ghodawat EnterprisesPvtLtd_SS_2026.pdf
Ghodawat Enterprises,S5 184,SDG,EMB,13457,NDC,BLR,29/03/2026,23/10/2026,arrival,Ghodawat EnterprisesPvtLtd_SS_2026.pdf
Ghodawat Enterprises,S5 156,SDG,EMB,4,HYD,BLR,02/04/2026,22/10/2026,arrival,Ghodawat EnterprisesPvtLtd_SS_2026.pdf
GSECMonarchandDeccanAviationPrivateLimited,I7 108,IOA,C 208B,1234567,IXW,CCU,29/03/2026,24/10/2026,arrival,GSECMonarchandDeccanAviationPrivateLimited_SS_2026.pdf
GSECMonarchandDeccanAviationPrivateLimited,I7 109,IOA,C 208B,1234567,CCU,COH,29/03/2026,24/10/2026,departure,GSECMonarchandDeccanAviationPrivateLimited_SS_2026.pdf
GSECMonarchandDeccanAviationPrivateLimited,I7 209,IOA,C 208B,1234567,COH,CCU,29/03/2026,24/10/2026,arrival,GSECMonarchandDeccanAviationPrivateLimited_SS_2026.pdf
GSECMonarchandDeccanAviationPrivateLimited,I7 208,IOA,C 208B,1234567,CCU,IXW,29/03/2026,24/10/2026,departure,GSECMonarchandDeccanAviationPrivateLimited_SS_2026.pdf
INTERGLOBE AVIATION LTD 2026,6E 7419,IGO,ATR 72,1234567,IXA,CCU,29/03/2026,24/10/2026,departure,INTERGLOBE AVIATION LTD_2026.pdf
INTERGLOBE AVIATION LTD 2026,6E 6746,IGO,A321,1357,HYD,IXA,29/03/2026,23/10/2026,arrival,INTERGLOBE AVIATION LTD_2026.pdf
INTERGLOBE AVIATION LTD 2026,6E 6068,IGO,A320N,1234567,CCU,IXA,29/03/2026,24/10/2026,arrival,INTERGLOBE AVIATION LTD_2026.pdf
INTERGLOBE AVIATION LTD 2026,6E 6747,IGO,A321,1357,IXA,HYD,29/03/2026,23/10/2026,departure,INTERGLOBE AVIATION LTD_2026.pdf
INTERGLOBE AVIATION LTD 2026,6E 491,IGO,A320N,1234567,IXA,CCU,29/03/2026,24/10/2026,departure,INTERGLOBE AVIATION LTD_2026.pdf
INTERGLOBE AVIATION LTD 2026,6E 6723,IGO,A321,1234567,GAU,IXA,29/03/2026,24/10/2026,arrival,INTERGLOBE AVIATION LTD_2026.pdf
INTERGLOBE AVIATION LTD 2026,6E 6211,IGO,A321,246,DEL,IXA,31/03/2026,24/10/2026,arrival,INTERGLOBE AVIATION LTD_2026.pdf
INTERGLOBE AVIATION LTD 2026,6E 6412,IGO,A320N,6,GAU,IXA,04/04/2026,24/10/2026,arrival,INTERGLOBE AVIATION LTD_2026.pdf
INTERGLOBE AVIATION LTD 2026,6E 6097,IGO,A320N,1234567,IXA,CCU,29/03/2026,24/10/2026,departure,INTERGLOBE AVIATION LTD_2026.pdf
INTERGLOBE AVIATION LTD 2026,6E 2516,IGO,A320N,6,IXA,CCU,04/04/2026,24/10/2026,departure,INTERGLOBE AVIATION LTD_2026.pdf
INTERGLOBE AVIATION LTD 2026,6E 524,IGO,A320N,46,BLR,IXA,02/04/2026,24/10/2026,arrival,INTERGLOBE AVIATION LTD_2026.pdf
INTERGLOBE AVIATION LTD 2026,6E 524,IGO,A320N,25,BLR,IXA,31/03/2026,23/10/2026,arrival,INTERGLOBE AVIATION LTD_2026.pdf
INTERGLOBE AVIATION LTD 2026,6E 524,IGO,A320N,137,BLR,IXA,29/03/2026,21/10/2026,arrival,INTERGLOBE AVIATION LTD_2026.pdf
INTERGLOBE AVIATION LTD 2026,6E 6383,IGO,A321,246,IXA,DEL,31/03/2026,24/10/2026,departure,INTERGLOBE AVIATION LTD_2026.pdf
INTERGLOBE AVIATION LTD 2026,6E 524,IGO,A320N,46,IXA,DIB,02/04/2026,24/10/2026,departure,INTERGLOBE AVIATION LTD_2026.pdf
INTERGLOBE AVIATION LTD 2026,6E 524,IGO,A320N,25,IXA,IXS,31/03/2026,23/10/2026,departure,INTERGLOBE AVIATION LTD_2026.pdf
INTERGLOBE AVIATION LTD 2026,6E 524,IGO,A320N,137,IXA,IMF,29/03/2026,21/10/2026,departure,INTERGLOBE AVIATION LTD_2026.pdf
INTERGLOBE AVIATION LTD 2026,6E 207,IGO,A320N,1234567,CCU,IXA,29/03/2026,24/10/2026,arrival,INTERGLOBE AVIATION LTD_2026.pdf
INTERGLOBE AVIATION LTD 2026,6E 572,IGO,A320N,3,CCU,IXA,01/04/2026,21/10/2026,arrival,INTERGLOBE AVIATION LTD_2026.pdf
INTERGLOBE AVIATION LTD 2026,6E 394,IGO,A320N,1234567,IXA,CCU,29/03/2026,24/10/2026,departure,INTERGLOBE AVIATION LTD_2026.pdf
INTERGLOBE AVIATION LTD 2026,6E 6204,IGO,A320N,3,IXA,DIB,01/04/2026,21/10/2026,departure,INTERGLOBE AVIATION LTD_2026.pdf
INTERGLOBE AVIATION LTD 2026,6E 2513,IGO,A320N,6,CCU,IXA,04/04/2026,24/10/2026,arrival,INTERGLOBE AVIATION LTD_2026.pdf
INTERGLOBE AVIATION LTD 2026,6E 994,IGO,A321,1234567,CCU,IXA,29/03/2026,24/10/2026,arrival,INTERGLOBE AVIATION LTD_2026.pdf
INTERGLOBE AVIATION LTD 2026,6E 6413,IGO,A320N,6,IXA,GAU,04/04/2026,24/10/2026,departure,INTERGLOBE AVIATION LTD_2026.pdf
INTERGLOBE AVIATION LTD 2026,6E 525,IGO,A320N,25,IXS,IXA,31/03/2026,23/10/2026,arrival,INTERGLOBE AVIATION LTD_2026.pdf
INTERGLOBE AVIATION LTD 2026,6E 525,IGO,A320N,137,IMF,IXA,29/03/2026,21/10/2026,arrival,INTERGLOBE AVIATION LTD_2026.pdf
INTERGLOBE AVIATION LTD 2026,6E 6724,IGO,A321,1234567,IXA,GAU,29/03/2026,24/10/2026,departure,INTERGLOBE AVIATION LTD_2026.pdf
INTERGLOBE AVIATION LTD 2026,6E 525,IGO,A320N,46,DIB,IXA,02/04/2026,24/10/2026,arrival,INTERGLOBE AVIATION LTD_2026.pdf
INTERGLOBE AVIATION LTD 2026,6E 6503,IGO,A320N,1234567,DEL,IXA,29/03/2026,24/10/2026,arrival,INTERGLOBE AVIATION LTD_2026.pdf
INTERGLOBE AVIATION LTD 2026,6E 525,IGO,A320N,25,IXA,BLR,31/03/2026,23/10/2026,departure,INTERGLOBE AVIATION LTD_2026.pdf
INTERGLOBE AVIATION LTD 2026,6E 525,IGO,A320N,137,IXA,BLR,29/03/2026,21/10/2026,departure,INTERGLOBE AVIATION LTD_2026.pdf
INTERGLOBE AVIATION LTD 2026,6E 525,IGO,A320N,46,IXA,BLR,02/04/2026,24/10/2026,departure,INTERGLOBE AVIATION LTD_2026.pdf
INTERGLOBE AVIATION LTD 2026,6E 6504,IGO,A320N,1234567,IXA,DEL,29/03/2026,24/10/2026,departure,INTERGLOBE AVIATION LTD_2026.pdf
INTERGLOBE AVIATION LTD 2026,6E 485,IGO,A320N,1234567,CCU,IXA,29/03/2026,24/10/2026,arrival,INTERGLOBE AVIATION LTD_2026.pdf
INTERGLOBE AVIATION LTD 2026,6E 6069,IGO,A320N,1234567,IXA,CCU,29/03/2026,24/10/2026,departure,INTERGLOBE AVIATION LTD_2026.pdf
INTERGLOBE AVIATION LTD 2026,6E 6173,IGO,A321,1234567,CCU,IXA,29/03/2026,24/10/2026,arrival,INTERGLOBE AVIATION LTD_2026.pdf
INTERGLOBE AVIATION LTD 2026,6E 6705,IGO,A321,1234567,IXA,CCU,29/03/2026,24/10/2026,departure,INTERGLOBE AVIATION LTD_2026.pdf
Just Udo Aviation,IC 5301,GOA,ATR 72,1234567,SDW,BLR,29/03/2026,24/10/2026,arrival,JUSTUDOAVIATIONPVTLTD_SS_2026.pdf
Just Udo Aviation,IC 5302,GOA,ATR 72,1234567,BLR,SDW,29/03/2026,24/10/2026,departure,JUSTUDOAVIATIONPVTLTD_SS_2026.pdf
Just Udo Aviation,IC 3411,GOA,ATR 72,1234567,HBX,BLR,05/04/2026,14/04/2026,arrival,JUSTUDOAVIATIONPVTLTD_SS_2026.pdf
Just Udo Aviation,IC 3412,GOA,ATR 72,1234567,BLR,HBX,05/04/2026,14/04/2026,departure,JUSTUDOAVIATIONPVTLTD_SS_2026.pdf
Just Udo Aviation,IC 2401,GOA,ATR 72,7,GOI,PNQ,05/04/2026,18/10/2026,departure,JUSTUDOAVIATIONPVTLTD_SS_2026.pdf
Just Udo Aviation,IC 2401,GOA,ATR 72,23456,GOI,PNQ,31/03/2026,24/10/2026,departure,JUSTUDOAVIATIONPVTLTD_SS_2026.pdf
Just Udo Aviation,IC 2401,GOA,ATR 72,1,GOI,PNQ,30/03/2026,19/10/2026,departure,JUSTUDOAVIATIONPVTLTD_SS_2026.pdf
Just Udo Aviation,IC 2402,GOA,ATR 72,6,PNQ,GOI,04/04/2026,24/10/2026,arrival,JUSTUDOAVIATIONPVTLTD_SS_2026.pdf
Just Udo Aviation,IC 2402,GOA,ATR 72,123457,PNQ,GOI,29/03/2026,23/10/2026,arrival,JUSTUDOAVIATIONPVTLTD_SS_2026.pdf
Just Udo Aviation,IC 2501,GOA,ATR 72,6,GOI,SSE,04/04/2026,24/10/2026,departure,JUSTUDOAVIATIONPVTLTD_SS_2026.pdf
Just Udo Aviation,IC 2501,GOA,ATR 72,123457,GOI,SSE,29/03/2026,23/10/2026,departure,JUSTUDOAVIATIONPVTLTD_SS_2026.pdf
Just Udo Aviation,IC 2502,GOA,ATR 72,67,SSE,GOI,29/03/2026,24/10/2026,arrival,JUSTUDOAVIATIONPVTLTD_SS_2026.pdf
Just Udo Aviation,IC 2502,GOA,ATR 72,12345,SSE,GOI,30/03/2026,23/10/2026,arrival,JUSTUDOAVIATIONPVTLTD_SS_2026.pdf
Just Udo Aviation,IC 2403,GOA,ATR 72,67,GOI,PNQ,29/03/2026,24/10/2026,departure,JUSTUDOAVIATIONPVTLTD_SS_2026.pdf
Just Udo Aviation,IC 2404,GOA,ATR 72,7,PNQ,GOI,29/03/2026,18/10/2026,arrival,JUSTUDOAVIATIONPVTLTD_SS_2026.pdf
Just Udo Aviation,IC 2404,GOA,ATR 72,6,PNQ,GOI,04/04/2026,17/10/2026,arrival,JUSTUDOAVIATIONPVTLTD_SS_2026.pdf
Just Udo Aviation,IC 5102,GOA,ATR 72,123457,GOX,AGX,30/03/2026,23/10/2026,departure,JUSTUDOAVIATIONPVTLTD_SS_2026.pdf
Just Udo Aviation,IC 5102,GOA,ATR 72,6,GOX,AGX,04/04/2026,24/10/2026,departure,JUSTUDOAVIATIONPVTLTD_SS_2026.pdf
Just Udo Aviation,IC 5101,GOA,ATR 72,124567,AGX,GOX,29/03/2026,24/10/2026,arrival,JUSTUDOAVIATIONPVTLTD_SS_2026.pdf
Just Udo Aviation,IC 5101,GOA,ATR 72,3,AGX,GOX,01/04/2026,21/10/2026,arrival,JUSTUDOAVIATIONPVTLTD_SS_2026.pdf
Just Udo Aviation,IC 5202,GOA,ATR 72,124567,GOX,JLG,29/03/2026,24/10/2026,departure,JUSTUDOAVIATIONPVTLTD_SS_2026.pdf
Just Udo Aviation,IC 5202,GOA,ATR 72,3,GOX,JLG,01/04/2026,21/10/2026,departure,JUSTUDOAVIATIONPVTLTD_SS_2026.pdf
Just Udo Aviation,IC 5201,GOA,ATR 72,123467,JLG,GOX,29/03/2026,22/10/2026,arrival,JUSTUDOAVIATIONPVTLTD_SS_2026.pdf
Just Udo Aviation,IC 5201,GOA,ATR 72,5,JLG,GOX,03/04/2026,23/10/2026,arrival,JUSTUDOAVIATIONPVTLTD_SS_2026.pdf
Just Udo Aviation,IC 1302,GOA,ATR 72,1234567,HYD,GOX,29/03/2026,24/10/2026,arrival,JUSTUDOAVIATIONPVTLTD_SS_2026.pdf
Just Udo Aviation,IC 1301,GOA,ATR 72,1234567,GOX,HYD,29/03/2026,24/10/2026,departure,JUSTUDOAVIATIONPVTLTD_SS_2026.pdf
Just Udo Aviation,IC 3401,GOA,ATR 72,1234567,HYD,HBX,29/03/2026,24/10/2026,arrival,JUSTUDOAVIATIONPVTLTD_SS_2026.pdf
Just Udo Aviation,IC 3411,GOA,ATR 72,1234567,HBX,BLR,05/04/2026,14/04/2026,departure,JUSTUDOAVIATIONPVTLTD_SS_2026.pdf
Just Udo Aviation,IC 3412,GOA,ATR 72,1234567,BLR,HBX,05/04/2026,14/04/2026,arrival,JUSTUDOAVIATIONPVTLTD_SS_2026.pdf
Just Udo Aviation,IC 3402,GOA,ATR 72,1234567,HBX,HYD,29/03/2026,24/10/2026,departure,JUSTUDOAVIATIONPVTLTD_SS_2026.pdf
Akasa Air,QP 1323,AKJ,B737- 8MAX,14,GAU,IXA,29/03/2026,24/10/2026,arrival,SNVAviation Private Limited_SS_2026.pdf
Akasa Air,QP 1324,AKJ,B737- 8MAX,3,IXA,GAU,01/04/2026,21/10/2026,departure,SNVAviation Private Limited_SS_2026.pdf
Akasa Air,QP 1324,AKJ,B737- 8MAX,14,IXA,GAU,29/03/2026,24/10/2026,departure,SNVAviation Private Limited_SS_2026.pdf
Akasa Air,QP 1918,AKJ,B737- 8MAX,1234567,PNQ,AMD,30/03/2026,24/10/2026,arrival,SNVAviation Private Limited_SS_2026.pdf
Akasa Air,QP 1194,AKJ,B737- 8MAX,157,AMD,BOM,29/03/2026,23/10/2026,departure,SNVAviation Private Limited_SS_2026.pdf
Akasa Air,QP 1901,AKJ,B737- 8MAX,1234567,AMD,BLR,29/03/2026,24/10/2026,departure,SNVAviation Private Limited_SS_2026.pdf
Akasa Air,QP 1925,AKJ,B737- 8MAX,1356,AMD,CCU,30/03/2026,24/10/2026,departure,SNVAviation Private Limited_SS_2026.pdf
Akasa Air,QP 1911,AKJ,B737- 8MAX,1234567,AMD,PNQ,29/03/2026,24/10/2026,departure,SNVAviation Private Limited_SS_2026.pdf
Akasa Air,QP 1902,AKJ,B737- 8MAX,3,BLR,AMD,01/04/2026,21/10/2026,arrival,SNVAviation Private Limited_SS_2026.pdf
Akasa Air,QP 1902,AKJ,B737- 8MAX,124567,BLR,AMD,29/03/2026,24/10/2026,arrival,SNVAviation Private Limited_SS_2026.pdf
Akasa Air,QP 1805,AKJ,B737- 8MAX,6,DEL,AMD,04/04/2026,24/10/2026,arrival,SNVAviation Private Limited_SS_2026.pdf
Akasa Air,QP 1319,AKJ,B737- 8MAX,3,AMD,MAA,01/04/2026,21/10/2026,departure,SNVAviation Private Limited_SS_2026.pdf
Akasa Air,QP 1925,AKJ,B737- 8MAX,247,AMD,CCU,29/03/2026,22/10/2026,departure,SNVAviation Private Limited_SS_2026.pdf
Akasa Air,QP 1903,AKJ,B737- 8MAX,3,AMD,IXB,01/04/2026,21/10/2026,departure,SNVAviation Private Limited_SS_2026.pdf
Akasa Air,QP 1903,AKJ,B737- 8MAX,2,AMD,BLR,31/03/2026,20/10/2026,departure,SNVAviation Private Limited_SS_2026.pdf
Akasa Air,QP 1903,AKJ,B737- 8MAX,14567,AMD,IXB,29/03/2026,24/10/2026,departure,SNVAviation Private Limited_SS_2026.pdf
Akasa Air,QP 1806,AKJ,B737- 8MAX,6,AMD,DEL,04/04/2026,24/10/2026,departure,SNVAviation Private Limited_SS_2026.pdf
Akasa Air,QP 1926,AKJ,B737- 8MAX,1356,CCU,AMD,30/03/2026,24/10/2026,arrival,SNVAviation Private Limited_SS_2026.pdf
Akasa Air,QP 1926,AKJ,B737- 8MAX,27,CCU,AMD,29/03/2026,20/10/2026,arrival,SNVAviation Private Limited_SS_2026.pdf
Akasa Air,QP 1926,AKJ,B737- 8MAX,4,CCU,AMD,02/04/2026,22/10/2026,arrival,SNVAviation Private Limited_SS_2026.pdf
SpiceJet,SG 442,SEJ,B737,1234567,CCU,AMD,29/03/2026,24/10/2026,arrival,SpiceJet_SS_2026.pdf
SpiceJet,SG 491,SEJ,B737,1234567,AMD,CCU,29/03/2026,24/10/2026,departure,SpiceJet_SS_2026.pdf
SpiceJet,SG 763,SEJ,B737,1234567,AMD,BLR,29/03/2026,24/10/2026,departure,SpiceJet_SS_2026.pdf
SpiceJet,SG 611,SEJ,B737,1234567,AMD,MAA,29/03/2026,23/10/2026,departure,SpiceJet_SS_2026.pdf
SpiceJet,SG 194,SEJ,B737,1234567,AMD,DEL,29/03/2026,23/10/2026,departure,SpiceJet_SS_2026.pdf
SpiceJet,SG 462,SEJ,B737,1234567,BLR,AMD,29/03/2026,15/04/2026,arrival,SpiceJet_SS_2026.pdf
SpiceJet,SG 463,SEJ,B737,1234567,AMD,HYD,29/03/2026,15/04/2026,departure,SpiceJet_SS_2026.pdf
SpiceJet,SG 1077,SEJ,Q400,6,AMD,BOM,04/04/2026,24/10/2026,departure,SpiceJet_SS_2026.pdf
SpiceJet,SG 764,SEJ,B737,124567,BLR,AMD,29/03/2026,24/10/2026,arrival,SpiceJet_SS_2026.pdf
SpiceJet,SG 591,SEJ,B737,124567,AMD,CCU,29/03/2026,24/10/2026,departure,SpiceJet_SS_2026.pdf
SpiceJet,SG 494,SEJ,B737,1234567,CCU,AMD,29/03/2026,24/10/2026,arrival,SpiceJet_SS_2026.pdf
SpiceJet,SG 466,SEJ,B737,3,AMD,BLR,01/04/2026,15/04/2026,departure,SpiceJet_SS_2026.pdf
SpiceJet,SG 466,SEJ,B737,124567,AMD,BLR,29/03/2026,14/04/2026,departure,SpiceJet_SS_2026.pdf
SpiceJet,SG 1078,SEJ,Q400,6,BOM,AMD,04/04/2026,24/10/2026,arrival,SpiceJet_SS_2026.pdf
SpiceJet,SG 594,SEJ,B737,1234567,CCU,AMD,29/03/2026,24/10/2026,arrival,SpiceJet_SS_2026.pdf
SpiceJet,SG 441,SEJ,B737,1234567,AMD,CCU,29/03/2026,24/10/2026,departure,SpiceJet_SS_2026.pdf
SpiceJet,SG 736,SEJ,B737,124567,AMD,CCU,29/03/2026,24/10/2026,departure,SpiceJet_SS_2026.pdf
SpiceJet,SG 458,SEJ,B737,1234567,MAA,AMD,29/03/2026,23/10/2026,arrival,SpiceJet_SS_2026.pdf
SpiceJet,SG 466,SEJ,B737,1234567,BLR,AMD,29/03/2026,15/04/2026,arrival,SpiceJet_SS_2026.pdf
SpiceJet,SG 193,SEJ,B737,1234567,DEL,AMD,29/03/2026,23/10/2026,arrival,SpiceJet_SS_2026.pdf
SpiceJet,SG 461,SEJ,B737,1234567,AMD,BLR,29/03/2026,15/04/2026,departure,SpiceJet_SS_2026.pdf
SpiceJet,SG 555,SEJ,B737,1234567,BOM,BLR,29/03/2026,24/10/2026,arrival,SpiceJet_SS_2026.pdf
SpiceJet,SG 462,SEJ,B737,1234567,BLR,AMD,29/03/2026,24/10/2026,departure,SpiceJet_SS_2026.pdf
SpiceJet,SG 529,SEJ,B737,1234567,BLR,DEL,29/03/2026,23/10/2026,departure,SpiceJet_SS_2026.pdf
SpiceJet,SG 115,SEJ,B737,1234567,BLR,BOM,29/03/2026,24/10/2026,departure,SpiceJet_SS_2026.pdf
